child_id,n_utterances,total_duration_sec,mean_words
C_63baf19fc3f58441,546,1057.387,3.4871794871794872
C_469fc1533f4bb31e,540,3304.899,10.794444444444444
C_1ff3f8348a64f893,534,994.403,3.640449438202247
C_76f2f3721e6c0352,512,5471.2,20.955078125
C_8f208e6a948ec07c,491,5442.953,16.832993890020365
C_65860cfe1eb3ef6e,471,785.379,2.9554140127388533
C_98a46b6d7e1cf5e6,452,718.211,2.683628318584071
C_d0fac0bde6cc4dc2,447,670.011,3.161073825503356
C_2437f329c2cd0b2f,446,3238.265,13.923766816143498
C_a512690990640cc0,439,689.346,2.4145785876993164
C_19b75dd799d54592,427,558.155,2.3278688524590163
C_83db0bd14e40fc0f,406,2391.046,10.490147783251231
C_fc5a6c7485e7470a,399,669.079,3.4661654135338344
C_65543882f0bb1242,396,3751.46,18.421717171717173
C_b021c677c446f688,391,3596.543,16.50383631713555
C_039cd7e966568806,385,637.053,3.1948051948051948
C_d38527cd358f3bff,381,1930.751,10.472440944881889
C_33028280ab062783,378,648.633,3.7037037037037037
C_9f4a5e7af4473280,376,3809.352,21.555851063829788
C_0b9a09c44f3c2a9d,375,3076.91,11.698666666666666
C_9968d7a1e4d23847,366,3053.686,19.060109289617486
C_d356c5e5589284df,365,557.407,3.4027397260273973
C_640425e8cabf06f3,362,3955.47,22.665745856353592
C_496b0fa70241d664,359,1742.096,7.484679665738161
C_ae774cac66d6e717,356,2375.168,14.640449438202246
C_bbf7168ac5f240ea,355,3321.325,21.630985915492957
C_3e4a4ca8dcac91af,355,590.936,2.8816901408450706
C_8a18d2852a6de4c0,353,1868.455,12.779036827195467
C_5803bfba29574fd6,353,2186.576,12.787535410764873
C_79eb61c13e8641d8,352,1839.705,9.375
C_af626a1164302b91,348,2814.716,18.70689655172414
C_e9aacb685e5da08d,348,1419.818,7.603448275862069
C_b4bdbce203422ad6,348,3417.782,17.022988505747126
C_ec42275da10feac8,343,1855.806,7.868804664723032
C_d19ece1caeaf6f2b,340,3853.021,25.229411764705883
C_cb02370f60c230eb,339,2835.416,15.041297935103245
C_8f03ff692a7e0811,339,2893.635,15.513274336283185
C_6354527999b15da1,338,660.246,4.266272189349112
C_aa60624a1fa77287,336,1845.228,12.31547619047619
C_28273805920bec21,335,2040.884,10.044776119402986
C_309fd4e9303cca5c,333,2170.595,8.867867867867869
C_db39087a9f3663b5,332,2974.917,16.93975903614458
C_8e1cc9a8fa1789fa,330,1698.985,10.981818181818182
C_cf54751fdf697eb1,330,2146.292,12.172727272727272
C_1106964d7576693d,329,2060.538,13.355623100303951
C_e7eaf276d773e0a9,328,1428.672,9.387195121951219
C_c10529e303a5ec44,327,2585.194,15.813455657492355
C_00ee5a0d52411026,327,1743.585,10.174311926605505
C_6518cbeb32a35310,326,2237.034,11.024539877300613
C_3e1127ea956714fd,325,1556.859,10.076923076923077
C_7178e2bfc6a4288b,323,620.985,3.458204334365325
C_491e47e4d3c0251c,319,2992.844,16.0564263322884
C_a77b1020e862cabf,314,1942.838,14.519108280254777
C_38231c40656453c7,311,2008.448,18.106109324758844
C_192e309807854aae,310,1987.178,12.503225806451614
C_e4efce5e5fb137fb,310,3631.097,25.106451612903225
C_29528791cd81a931,308,2741.005,22.16883116883117
C_8439369d08b56467,308,2291.403,12.62012987012987
C_1afef2989c1f547b,303,2379.843,18.722772277227723
C_601466570ec1f8d1,303,2438.366,13.792079207920793
C_d5d5c482293d19aa,301,2562.861,14.634551495016611
C_b778e55644da6193,299,1830.215,9.88628762541806
C_edb117a49b4eabca,298,1670.687,11.426174496644295
C_812281c33e984194,298,1875.886,13.050335570469798
C_4cb11d0521851363,297,2433.765,24.050505050505052
C_d88a3d3544c594ca,297,4690.97,33.474747474747474
C_09f29adf3de1d136,296,2067.401,16.611486486486488
C_f2764244b505b5f5,296,2046.9850000000001,13.54054054054054
C_17168e40d19d7ee4,294,2512.274,19.153061224489797
C_0a412aa8e2caf074,292,1682.353,7.219178082191781
C_c18f8e42de7c42a7,291,4200.008,29.54639175257732
C_e1ab425566d7a6a2,290,2198.121,13.672413793103448
C_4e54e66cc7b59060,289,1608.576,10.653979238754324
C_7dad0d2b82934b63,288,2529.134,18.92361111111111
C_7dd43f1af359f50e,287,422.587,1.8501742160278745
C_654e5d81eec12267,287,546.55,3.1463414634146343
C_0e4b8a5ac1493e0c,284,610.537,2.630281690140845
C_3afe25bc97117890,283,2900.591,17.512367491166078
C_9a9f094d7ef6191a,282,1824.07,14.670212765957446
C_26b3b4f1e18688bc,281,1407.903,9.91814946619217
C_833e71967f63eac9,280,499.194,2.5035714285714286
C_8bfb46dab4c01670,279,2324.878,13.99641577060932
C_c74bfde2cca8d5da,278,2144.427,11.852517985611511
C_0efba146ed1d6bd1,277,422.894,2.368231046931408
C_eaefdeb72be688e7,273,1816.936,16.307692307692307
C_8e6661ba87cf2132,273,3655.938,27.82783882783883
C_3513cd930c18ba60,273,2022.686,12.743589743589743
C_d13fa4d45d9a612d,269,873.18,6.0
C_92d438b4ee2ad98a,269,2615.055,22.070631970260223
C_8dd67bda2b05c086,269,1795.251,10.79553903345725
C_5e5c3097d414db96,267,1649.3609999999999,12.958801498127341
C_6ac265cf423210f0,267,2098.775,12.591760299625468
C_f5a1d97dd5992c8a,266,375.686,2.3909774436090228
C_4d0e1c16566d65a2,266,2376.253,18.36466165413534
C_a6100e9908409a2c,266,1451.539,8.766917293233083
C_7b0456f53fe602a0,265,2115.384,14.158490566037736
C_0c8873c41a20ecf7,264,1440.78,13.856060606060606
C_d9fdbe401dbbcbbd,262,1845.495,14.01526717557252
C_7151ec9a58d75622,262,2440.268,16.15648854961832
C_efc988c0108b9095,258,2100.808,17.569767441860463
C_e2026d1e006b77f2,258,2769.302,22.04263565891473
C_aafd36e8232182f4,257,1534.997,11.108949416342412
C_d95286d09f97271a,257,4279.897,31.67704280155642
C_2fd3a04e9222363f,257,419.533,2.6536964980544746
C_3f866bddbb70ab5a,256,1860.906,13.015625
C_2b1ace952a037f6a,253,1968.227,13.695652173913043
C_8ef1b66d9f19e9cc,253,1616.301,10.699604743083004
C_d5ddba6e2f5ad974,251,2211.902,22.529880478087648
C_4bd212f022b91eaa,249,2157.749,13.670682730923694
C_7f8c28e61357b46d,249,1806.655,16.566265060240966
C_20d915b0bfd2253c,248,990.546,6.939516129032258
C_43c6a5c0e88ea260,247,1696.915,17.4331983805668
C_f370834fbe405cb1,247,2439.347,18.80161943319838
C_bd8eb1895dd5b208,245,2321.585,13.951020408163265
C_5ad3083152fe0839,244,3593.75,34.48770491803279
C_d1a5606b46b6d5da,244,1550.893,13.561475409836065
C_7d46e6e514e3ed1e,243,1481.459,10.666666666666666
C_73b20b1b531bf134,242,3011.257,21.31404958677686
C_5b3d40a58efbc92a,239,2088.953,20.200836820083683
C_50cf5fe455de3ff3,239,1918.184,13.527196652719665
C_fbeeb5603eb6ec7b,237,1639.215,11.451476793248945
C_fdd72e28bfe9e45b,235,842.558,6.94468085106383
C_cc7549eff8ffc5e6,234,1485.0529999999999,8.662393162393162
C_99dfd8ab67391edf,234,1527.19,11.811965811965813
C_5d29a6cc873657e2,233,1340.999,9.92274678111588
C_aae04a0598194567,233,2152.247,19.626609442060087
C_8d246066c3d8a0d0,232,1113.879,10.551724137931034
C_f639ea4a2990958b,230,1353.996,11.208695652173914
C_5576815154baf058,230,1816.223,12.434782608695652
C_9722bb09e568384c,229,958.604,8.781659388646288
C_186da18c55156f4a,227,3838.27,35.11013215859031
C_951494d3f7496992,227,2263.636,14.806167400881057
C_cf0a61200c9e15b1,227,3518.152,30.51101321585903
C_a6ebf08f66f21281,225,1235.26,13.08
C_458515c308571758,223,4401.088,36.973094170403584
C_57793a2b8a0e9ed0,222,2705.481,21.5990990990991
C_d41f70baeca923f7,222,1793.154,15.666666666666666
C_35f67579d629727f,221,2119.164,13.479638009049774
C_e95ac4c94a827fa0,221,2225.09,23.891402714932127
C_02951e33c1ac6a17,219,385.354,3.050228310502283
C_9fce57d8e83e10ef,218,2944.571,29.06422018348624
C_b456e0cefcd41289,217,1639.153,17.00921658986175
C_d577fe159e9adc56,216,2154.351,20.708333333333332
C_1682231a0a52513a,216,1398.89,14.296296296296296
C_ee8ec02aa466064d,216,1379.964,11.347222222222221
C_5394fc72ea560514,215,3424.438,28.28372093023256
C_e2ab963fa7057a17,215,2434.699,16.73488372093023
C_fe2b3c5073661a91,214,2481.618,24.588785046728972
C_51a90ef0b201b3a2,213,2232.001,23.009389671361504
C_3b51c8b1d2c076d8,213,1662.808,16.63849765258216
C_2df9a9d5365cef3f,212,317.087,2.650943396226415
C_92feed5800310f8b,212,1389.895,12.056603773584905
C_8a6ffdb935ce5743,211,2443.893,15.710900473933648
C_e51d5305d873270c,211,1932.331,20.601895734597157
C_f82f6eb74ad07056,211,1268.8,14.928909952606634
C_aebcd22827492f13,208,1071.196,11.192307692307692
C_ad46613eb12a2351,206,973.157,8.548543689320388
C_4f21ed5f275a742f,206,1140.931,10.233009708737864
C_c3254f32f1dbea15,206,1486.424,11.689320388349515
C_35bc36bb01794880,205,1710.938,17.68780487804878
C_a4d18a662500d79e,204,769.708,6.372549019607843
C_cebeed77c62dc8b9,202,1259.872,9.816831683168317
C_516e18ec41011983,200,1002.237,10.86
C_eb21c5635ec2a5fb,198,2361.793,18.363636363636363
C_dfb7b4ba695c172b,196,2257.684,23.122448979591837
C_768eb69a7a1952fd,194,1363.876,16.11340206185567
C_b50216b3c70ca0a2,192,1011.745,6.807291666666667
C_28574c84406adb1c,192,2341.549,22.458333333333332
C_99553c21fcaf3c15,191,859.444,8.340314136125654
C_878467999ee5c310,191,4882.211,41.03664921465968
C_2762cb80e9dad52d,189,269.045,3.126984126984127
C_8164a3c3e1de4bdb,188,1730.117,21.56382978723404
C_6b31dc000fc92209,187,683.742,7.946524064171123
C_ee29181002c41d61,186,1712.004,19.0
C_e272a6d8705ee5e3,186,993.163,8.833333333333334
C_5188fd703a1674d2,185,1538.655,16.043243243243243
C_0955e173a3e3c2c7,184,1478.783,17.369565217391305
C_2a2475b2bc4e18ac,184,1336.165,14.054347826086957
C_696834b17bc12e27,182,2007.768,17.725274725274726
C_ead244b7e5bdb351,181,2748.132,29.359116022099446
C_2e0f3a5521ec384a,181,1980.422,24.795580110497237
C_cdc15c9799f61935,181,2707.252,20.502762430939228
C_e6f11e6f26361087,181,2655.578,30.022099447513813
C_bb44003703919c45,179,1618.136,23.318435754189945
C_f29b9852df636547,177,1445.417,14.536723163841808
C_af88617df08e6487,177,1710.488,18.09039548022599
C_914f81cb6ed613bb,173,859.855,8.965317919075144
C_a5d56368fe1f4883,173,2322.378,29.294797687861273
C_9b66641d8f5f4485,173,1175.289,13.867052023121387
C_7e00d4901ea9e238,170,227.726,2.288235294117647
C_7634ff63ecfc0355,169,1180.923,16.24852071005917
C_aea2581019a5b0e8,168,1138.266,11.851190476190476
C_c83f7ae3cffb9886,167,2098.642,30.281437125748504
C_c730dc630fb213f1,167,1259.135,15.610778443113773
C_94020216db685ea4,166,1349.242,14.536144578313253
C_c75c4fac9b255c38,166,998.183,10.475903614457831
C_389bd9177db48a0f,165,2041.868,35.28484848484848
C_aa2c98c8455dfbd8,164,1387.668,13.713414634146341
C_2a1310298ba4e35f,164,1167.96,12.5
C_b199152d2dd038dc,164,1394.031,15.603658536585366
C_2ccb91dc1f1e4920,163,1751.219,15.386503067484663
C_c5ce0b1c0c4e6a82,163,2297.283,35.11656441717791
C_6ce6ca6ea3079ce5,162,827.344,10.339506172839506
C_69cbdc0743b2f77c,161,1181.262,9.118012422360248
C_9c53f85a818c6c7d,161,857.716,10.372670807453416
C_258f32511cde6c62,161,1181.832,16.26086956521739
C_742188db853b7849,159,279.091,3.4716981132075473
C_2b0f8d53a9350f56,158,1320.637,14.348101265822784
C_e50d1cd08391765e,158,685.517,7.677215189873418
C_83968632f885d824,158,1045.795,13.734177215189874
C_813b227d4491672f,157,1039.796,11.878980891719745
C_80ab2a51cb15cb8f,157,1564.112,14.388535031847134
C_fe7cff730857bdbf,157,834.404,11.152866242038217
C_885e051a101553d7,157,1830.33,26.012738853503183
C_1e094a3cbe7377d7,156,1850.204,21.173076923076923
C_8ca11d6b460d0cea,154,1985.054,24.525974025974026
C_d4df815189b10ac9,152,284.505,3.5
C_2fad3120a10d55ff,152,894.471,10.296052631578947
C_842cd3fe36fa0b7e,152,2007.08,31.36842105263158
C_4d78a99a6ee0a0a9,151,1417.886,19.920529801324502
C_a8d51db67ff71f42,151,1716.534,22.417218543046356
C_9f73bd2d6b315f6d,151,379.587,3.9602649006622515
C_06f3347e4c0ecf61,150,1321.858,14.42
C_364d875383701782,150,684.506,8.22
C_82889e1d53e366b7,149,902.424,13.389261744966444
C_84500178777ae770,147,1281.569,14.585034013605442
C_ebf0c8e70506400c,147,2360.595,29.993197278911566
C_9c425be0129968ad,147,816.825,12.918367346938776
C_fa43dae73662551a,146,772.998,10.417808219178083
C_55927436ccec8739,145,1144.549,16.427586206896553
C_bbec71a17a161c04,144,1738.285,25.73611111111111
C_0d90235292d50d65,144,1409.8220000000001,20.756944444444443
C_90db3102e2ca5699,144,219.16400000000002,2.4305555555555554
C_dfdf69c04646ddd2,143,698.531,9.797202797202797
C_98a66b4bbc0c83da,142,687.998,5.732394366197183
C_9f5e841f98a14e3b,141,1749.874,23.26950354609929
C_a4296e3d0cce76a5,141,809.489,11.843971631205674
C_22794736a4e531e6,140,763.22,13.035714285714286
C_c2fd3883270ec301,139,1339.783,23.302158273381295
C_dcbaf4f8ae51d0a2,139,1162.623,18.02158273381295
C_268c858cc75ef27c,138,875.075,13.608695652173912
C_2a0f805839bdf08f,138,1200.9759999999999,21.507246376811594
C_eed07a7f3f68c37e,136,1558.989,23.139705882352942
C_6bcfd5491e81df9c,136,1245.818,16.654411764705884
C_1cf8345104b2d264,135,1238.426,13.985185185185186
C_7afe33a674c120e7,134,723.167,9.880597014925373
C_9c1ef06f9f41ebb7,134,1457.006,23.746268656716417
C_dfb6ccc16bfed419,133,184.975,1.9097744360902256
C_529b9c83f00af535,132,996.639,15.727272727272727
C_3c070121f6457318,132,844.21,13.977272727272727
C_391d679acf03bcb8,131,511.528,6.3893129770992365
C_3c15617f189ff181,131,1315.95,20.396946564885496
C_0fbea0b5205dcf82,131,488.536,7.4961832061068705
C_398487fa5d0f90ce,130,723.593,7.823076923076923
C_0458624377849d9c,129,749.154,14.364341085271318
C_4dce922fe2e0e7d7,129,944.486,15.170542635658915
C_50087b79bfb93f03,129,1595.368,20.100775193798448
C_9b7ba7d1952f84a7,129,1339.098,12.255813953488373
C_54a2ab67127e5671,129,704.935,13.03875968992248
C_42ce4bbcbe4c9f73,128,548.354,8.578125
C_d9089ef4b7990c88,127,1315.47,21.04724409448819
C_b794d3d06d0b3394,127,1674.998,29.5748031496063
C_169eedbd6761a93f,127,1828.647,29.15748031496063
C_673c6d6416365361,127,1069.871,18.992125984251967
C_45788281ca5ef93a,127,735.5649999999999,15.818897637795276
C_b99248eabd638c09,125,780.626,10.696
C_882575f14300ae4b,125,655.312,10.896
C_7082ba3191a93316,125,766.611,14.144
C_602718527906f0ee,124,2379.683,37.20967741935484
C_7e4f7a89c40ec225,124,965.837,16.693548387096776
C_36b266342df9a583,124,1250.262,13.53225806451613
C_c6da29a687223ec2,123,735.08,15.032520325203253
C_73613e7bb6e5b4b9,123,1249.662,15.24390243902439
C_85ed3749312014ea,122,709.928,10.729508196721312
C_b947c89bdb459588,122,980.116,18.07377049180328
C_80f5a18d95ac534b,120,826.104,13.741666666666667
C_1c5c4d537f390e66,120,1042.113,15.1
C_65a3fae1056786d8,120,808.9110000000001,18.058333333333334
C_1128f2690d3b10d4,119,1032.6689999999999,19.41176470588235
C_adfff0a010bccee9,119,433.724,8.184873949579831
C_713094e05777b7dc,119,669.147,9.445378151260504
C_1e6bdc5e5400fdd0,119,560.236,9.420168067226891
C_dbd9ac0e2f5ac863,119,1038.028,17.48739495798319
C_a1d9356f5f805db1,118,802.2,15.364406779661017
C_ba28c7fbf1ff521e,117,636.916,7.487179487179487
C_28ca099abe42b1f8,116,880.091,17.267241379310345
C_2ee11d69864eb640,116,255.216,3.103448275862069
C_33e317c889f9eadf,116,989.206,19.79310344827586
C_302fc7127b438982,115,823.819,13.57391304347826
C_39aca446957a515a,115,541.945,8.295652173913043
C_94f82b370da9f326,115,526.913,10.513043478260869
C_59940da87de5f402,114,1435.074,29.00877192982456
C_0a1cb340006cab72,112,1058.395,22.383928571428573
C_c43d5eb6519c46d9,112,673.195,8.758928571428571
C_32b3c7bdc40656de,111,1560.252,23.153153153153152
C_5d5945d5081675e1,111,1220.305,24.55855855855856
C_b0bd7bcb2286bc41,111,716.081,11.657657657657658
C_09ac3d4788729b40,110,583.187,11.136363636363637
C_8e829410e80dba39,110,1200.926,27.62727272727273
C_3724cf3f379d59f5,110,394.52,7.972727272727273
C_b88c9fcc7a8203e8,109,1693.161,26.541284403669724
C_001a98a366d4acd2,108,864.7669999999999,15.333333333333334
C_7843199b89596e84,107,575.064,9.94392523364486
C_ad084e42e26e304f,107,768.559,14.08411214953271
C_7b5260c90a9b0d9f,107,124.94500000000001,1.897196261682243
C_14d9067b533eed3d,106,711.872,13.18867924528302
C_b77e49b6cab5cea0,106,886.772,17.99056603773585
C_7e4784d2d549e194,106,392.101,6.9245283018867925
C_019323c0c49e56c2,105,873.737,21.21904761904762
C_ea4060e377a4d691,105,205.151,3.942857142857143
C_c8b530a51f959d2e,104,548.457,10.413461538461538
C_f7c80ec11c1b2997,104,915.693,17.932692307692307
C_b9bd46c8722f1e6b,103,726.292,15.116504854368932
C_1b082e1477147449,103,704.251,16.184466019417474
C_d0dbc67832f05f30,102,1234.744,27.686274509803923
C_ccf92ad85688aafa,101,1387.502,20.326732673267326
C_96c1f0cd76d30909,101,3227.139,61.82178217821782
C_23a561a2cc624069,101,687.801,14.702970297029703
C_5e6d0a50450b6bd6,101,702.095,16.396039603960396
C_c2a079390a814112,101,549.304,9.118811881188119
C_1b841b052b263fa6,100,184.265,4.26
C_cd2c665039cd571c,99,542.398,9.181818181818182
C_e35b91aa79acae0a,99,1004.368,18.02020202020202
C_ace56a787a15b51a,98,867.864,12.53061224489796
C_ed798ba7a89be9e2,98,1177.035,28.428571428571427
C_9565e31e81e6949e,97,856.442,20.45360824742268
C_804917ec0d1121d7,96,419.979,10.635416666666666
C_91533d240f9d3a4c,95,1079.095,29.03157894736842
C_bd6c7dcd77740d55,95,546.897,12.157894736842104
C_a6a6d2ac3fb46d75,95,243.208,6.08421052631579
C_0062d47462bf49f4,94,474.645,9.680851063829786
C_9ab9f69f183aaf6b,93,814.608,18.806451612903224
C_ff3d195ae70b3fce,93,1048.184,22.93548387096774
C_0b1f8bc3c8806c3d,92,588.597,14.641304347826088
C_e8e3310e625eb3b5,92,945.282,21.652173913043477
C_be1f7bd74d284b09,92,1309.092,30.347826086956523
C_cba6aea4ac4a78f1,91,926.192,28.505494505494507
C_bf2be2088991b7d2,91,1592.21,29.428571428571427
C_258c94f453f17557,90,776.925,14.633333333333333
C_95fb7254397c5e51,89,751.5,14.775280898876405
C_3f458efacdbcbf98,88,1263.182,34.96590909090909
C_1c8cc4ce1b5a8f92,88,619.981,15.340909090909092
C_11093ea60eab6a83,87,526.811,11.919540229885058
C_9954b07ecf5894ff,85,395.221,8.823529411764707
C_8380e81c182013d6,83,1233.885,28.57831325301205
C_b8639f8a0b8dc0d0,83,917.8439999999999,24.518072289156628
C_895330cdb82bfae9,83,563.147,13.036144578313253
C_df83616922d76fee,83,535.852,13.698795180722891
C_8fae525fd225d2a7,82,996.654,27.26829268292683
C_6a6e224c7bafa371,81,925.674,18.234567901234566
C_7eeecd0d2c82e54c,81,443.565,8.123456790123457
C_3b95556524162a8d,81,697.031,19.62962962962963
C_87b66cb9091641d6,79,132.807,2.4936708860759493
C_5adee5b2b0d5c127,78,191.45,3.141025641025641
C_388ff057477baaa5,78,884.434,24.371794871794872
C_f1d0e785e64af8e2,77,1223.374,27.4025974025974
C_f288792295813304,77,469.943,9.909090909090908
C_227d5663a27bbed5,77,850.967,22.38961038961039
C_f5d08e2f52e0f0fe,76,432.109,11.197368421052632
C_70cfe294afd6fc92,76,1334.604,40.61842105263158
C_ab6e6a5fac76a586,76,502.336,13.223684210526315
C_35ee7b8b20d2205b,76,331.594,8.407894736842104
C_1d361ff0648df7c4,76,1269.063,39.13157894736842
C_01bf0d48116d00f5,75,277.442,7.746666666666667
C_61b4660e3e3961b9,75,520.065,12.786666666666667
C_bd54411f2e435757,75,858.921,15.426666666666666
C_e77da3947e1737d3,74,419.927,11.878378378378379
C_56370a346337ea6d,74,261.984,9.432432432432432
C_90e1a7d6c894f8e1,73,223.371,4.095890410958904
C_6500f1cb94640e12,73,1030.358,31.794520547945204
C_2d060716dcc19bef,73,91.892,2.219178082191781
C_de38a9947fb62c88,72,925.2139999999999,25.430555555555557
C_0d4bfdcf2bee1ee1,71,545.196,14.253521126760564
C_c9d7ef7766fd5c20,71,296.258,6.070422535211268
C_6cd6c452cfe17201,70,132.208,2.9285714285714284
C_3fb9860ef612b9e7,70,509.56,13.085714285714285
C_519e00fb79e7de0b,70,447.026,13.714285714285714
C_e77826bb3bab4ebb,70,495.247,13.128571428571428
C_f1509fdb7948bed1,70,557.7719999999999,16.185714285714287
C_c789749d86a344e0,70,185.576,5.171428571428572
C_068097c4a3acbcc3,69,394.327,12.55072463768116
C_cc308f83eb1ebe6d,69,380.537,12.72463768115942
C_24f8bd4bcff55540,69,83.101,1.681159420289855
C_4ed8e11ff7d4e9fd,69,493.8,13.217391304347826
C_b3523050eebb8b82,69,362.872,11.985507246376812
C_3edbe6bb2d953b7d,68,388.332,13.529411764705882
C_44e40e702376bac9,68,649.694,14.220588235294118
C_85a2e95b35d9fa69,68,956.935,36.911764705882355
C_59cb15595df8edd8,67,584.287,20.208955223880597
C_330151e5e9a56b9a,67,454.232,15.194029850746269
C_bbb4ebdcd5d407f8,66,876.948,32.34848484848485
C_2b7c20776341e10e,66,324.088,7.848484848484849
C_a7aaec253dde344a,66,596.734,16.666666666666668
C_62d418c42b91d51d,65,1003.738,36.292307692307695
C_5d522c53a8f3e1f4,65,407.214,14.723076923076922
C_dbfb64bbee72caef,65,463.904,14.723076923076922
C_13af9fd2bb6b3aee,64,227.209,6.828125
C_77f430400dbf638f,64,436.637,14.953125
C_3439b0941f1515aa,64,1314.3,38.21875
C_a559762f12a7b28c,63,435.134,8.142857142857142
C_864c437d32b3ec2d,62,590.701,18.919354838709676
C_b6f5715e06e25a9f,62,291.355,10.483870967741936
C_b1554baa03565c0a,62,570.0070000000001,24.93548387096774
C_82a9c8f748be2f76,62,298.836,6.709677419354839
C_9b64df04c11da6ea,61,608.608,21.704918032786885
C_8e1ec849fd189171,61,668.09,21.83606557377049
C_414ecb0de0533858,61,233.876,8.60655737704918
C_027506d259a09f1c,60,173.581,6.383333333333334
C_2d544ce9dad02327,60,636.655,16.116666666666667
C_8fb1cdc08df80750,60,380.434,15.383333333333333
C_c798b248d0b15bcb,59,119.829,3.4915254237288136
C_70a72cc941758649,59,348.312,10.542372881355933
C_4d223e4d0158ba70,58,450.94,12.96551724137931
C_69ecdae495e478bf,58,642.165,24.06896551724138
C_d19fdcbeaf20dae0,58,456.882,11.810344827586206
C_7bbc9d7b5c28e9f7,58,212.026,8.344827586206897
C_9296d988e7bab9c7,58,316.024,13.948275862068966
C_21a85b6f9d4aa6bb,58,830.981,27.310344827586206
C_51f7ad9ad784e1e1,57,516.516,17.859649122807017
C_4b840ea03598f15e,57,386.604,19.105263157894736
C_6c687ee0c1dfff41,57,416.873,15.140350877192983
C_49d2fb052b54b035,56,479.79699999999997,17.25
C_fdf7d2e5317e12b9,56,273.545,9.196428571428571
C_6421ccab66558290,56,548.855,19.517857142857142
C_c0fe68d4e22c272c,55,423.37,14.581818181818182
C_189e83b376496864,55,510.627,18.636363636363637
C_d3e48dd456dacc62,55,136.558,4.581818181818182
C_a1c4c3096c23ad47,54,803.361,42.0
C_3872703bbf56a0ae,54,296.74,15.444444444444445
C_e328b37e9ee9adf8,54,422.419,17.27777777777778
C_d5bab8b469672d6d,54,631.249,16.40740740740741
C_3575d7e33745a11d,54,495.532,14.925925925925926
C_34576beaa605afcd,53,670.807,31.433962264150942
C_34ed4961703a9058,53,396.928,15.547169811320755
C_fdfd917c072b1310,53,149.67,4.188679245283019
C_24e4eb1232cfb329,53,492.749,18.0
C_6956540e36e75034,52,429.389,15.403846153846153
C_5eb57436f229dd18,52,628.477,23.28846153846154
C_4f770d5317449a29,52,71.994,1.8461538461538463
C_23ece421ea5a665e,52,134.49,2.8653846153846154
C_de9ed40bab8f0b3c,51,683.658,34.03921568627451
C_90f40ab7e8ecb6e5,51,120.78,4.431372549019608
C_1fc78c162b5dd0fb,51,402.899,16.647058823529413
C_132671d9386e52f0,51,245.285,9.96078431372549
C_e0ee72a9709ccace,50,373.739,13.1
C_6566ee495b9eafb5,50,595.913,20.26
C_e34fa2cb2a5455bd,50,629.049,27.66
C_603d724cf43de792,50,284.819,9.56
C_c90a30b787c49c80,50,574.189,22.44
C_0a157f6439e6309a,50,644.274,24.94
C_4f5df9df36412e31,50,421.949,25.42
C_f8814cdf82b73776,49,852.185,31.693877551020407
C_5540e8fd5730171f,49,399.08,15.938775510204081
C_f795c78868652df9,48,946.159,43.5
C_e4cb0cde7d6ea095,48,315.92,13.125
C_61247aa05a92a109,48,411.891,16.458333333333332
C_e9d03314bd4a03d5,48,154.47,3.3125
C_60919ff1bc22ab5a,48,141.18,5.020833333333333
C_f6e8326c43bfc165,47,512.532,19.382978723404257
C_b9e36367061a2c23,47,639.542,26.340425531914892
C_661019a4cdb08231,47,652.755,31.148936170212767
C_5760a8a4b1773a8b,47,789.433,36.42553191489362
C_d6107a2e770ce8d0,47,428.135,23.148936170212767
C_a625540e4d7cdff3,47,153.04,4.085106382978723
C_ad5598e593c95811,46,391.051,17.26086956521739
C_2fbd97a7c53434b0,46,289.709,11.869565217391305
C_87e74343e18eca22,46,222.85,9.23913043478261
C_aad19d59180c7ee0,46,329.554,16.108695652173914
C_f72c36554c96383d,46,115.043,2.9565217391304346
C_b4edd4409f284599,45,543.985,21.066666666666666
C_f75df79529f4f385,45,153.23,4.022222222222222
C_6ae1959f80f54706,45,510.326,19.22222222222222
C_277eb15e6d4cb011,44,95.17999999999999,1.0
C_e3532ec9aec345c4,44,714.233,25.477272727272727
C_07adfda7351803d2,44,154.33,4.7727272727272725
C_a625e1fb3a9950cd,44,133.34,3.772727272727273
C_a4a957080dae3046,44,160.688,8.409090909090908
C_3dfc29821ab3c4c7,44,389.66700000000003,19.931818181818183
C_484b9c6fa9b2e73e,44,381.806,17.59090909090909
C_fa1d2d5512fa39cb,44,625.916,35.27272727272727
C_257246b852262d76,43,342.033,10.627906976744185
C_3b24bf25614e6a62,43,425.771,16.837209302325583
C_1a73f1b6ab25f98d,43,303.317,16.58139534883721
C_5aed2de5a783d72f,43,335.828,13.930232558139535
C_d38074179fc10380,43,521.786,16.86046511627907
C_5662687d8c144fd8,42,138.9,4.261904761904762
C_38a2e3f1f7d4863f,42,591.889,27.5
C_2322ce0d55c9a13d,42,98.74,3.8095238095238093
C_9e421ebcf9868225,41,293.959,11.902439024390244
C_affe67341662bc26,41,292.083,16.024390243902438
C_147cde04be14b6b4,41,126.976,2.3902439024390243
C_1598bf7352d52e83,41,516.059,25.902439024390244
C_864530f5a7be539a,41,327.875,16.634146341463413
C_130b092d6de7d8fe,41,218.888,8.292682926829269
C_e156c50de77a0a9d,40,103.47,2.825
C_5dcf8ce10a35af78,40,322.945,15.7
C_a33e04fd3d2a89ee,40,203.653,7.55
C_733a8a5970bed2cd,39,450.804,19.28205128205128
C_c5521b83d6c779cb,39,572.555,25.71794871794872
C_b64df9f4449d4bda,39,272.538,13.743589743589743
C_96998ef884291bdb,39,176.254,8.743589743589743
C_187635382df3f777,39,245.334,15.76923076923077
C_4e606b51c709430f,39,92.74,2.8461538461538463
C_f22648615e648789,39,55.003,3.358974358974359
C_00df7040b3a0b5e9,39,216.931,14.512820512820513
C_0d46bb4398024d93,39,214.10999999999999,11.974358974358974
C_9d3b5218b056eae4,38,325.562,17.842105263157894
C_dcc3111221ba12f2,38,402.247,19.736842105263158
C_4b365d4104023299,38,129.76,4.026315789473684
C_a041625b163642fe,38,170.042,8.605263157894736
C_8e55ef0bfbc435fe,37,367.446,19.027027027027028
C_e51a43f19b0cbef7,37,268.495,13.945945945945946
C_cacd3b2ed4b5146a,37,292.892,15.18918918918919
C_22c2d1087f2bfe56,37,641.938,36.54054054054054
C_46cb30254ceab068,37,185.532,6.405405405405405
C_ae7b4932a7c5db78,37,457.539,28.324324324324323
C_50d3b7344acae29e,37,369.058,22.91891891891892
C_7f89a78586a2d858,37,465.009,25.18918918918919
C_91a96b0ba42fda63,37,107.66,4.5675675675675675
C_1ae7657a18e379c2,36,282.775,9.222222222222221
C_bb02c631ebc03bbe,36,369.564,15.527777777777779
C_182c70f03cd4239a,36,304.26800000000003,20.416666666666668
C_6b73cdfb026f43ff,35,344.579,18.714285714285715
C_91081100c4a805d9,35,531.795,28.228571428571428
C_1d8d98320de9e275,35,110.38,4.857142857142857
C_efb04967f741a044,35,428.563,22.057142857142857
C_41064f90448edc30,35,95.07,4.257142857142857
C_b420825c90b54042,34,355.324,24.970588235294116
C_f3567910647723d5,34,245.005,15.911764705882353
C_e486a3154784382e,34,148.945,6.5588235294117645
C_e5b4a743a83e75cb,34,239.524,9.941176470588236
C_19c302634a699909,33,275.329,16.21212121212121
C_1377f4af33d65368,33,65.39,2.606060606060606
C_1b2170a5dad54935,33,133.85999999999999,5.787878787878788
C_04c0501d82833609,33,68.37,1.7878787878787878
C_98486a2b47ca547b,33,113.803,7.878787878787879
C_df8c2fe2fc50e8fb,33,77.76,1.0
C_6447242fec5be83a,33,550.6,34.60606060606061
C_ed9a31c75ea6afea,33,125.55,3.9393939393939394
C_b48ae398ccc89e55,32,485.593,36.78125
C_30edef4655956208,32,210.56,12.78125
C_4d9bd610f3494c50,32,78.27,3.6875
C_c67a17632c083828,31,170.517,12.03225806451613
C_13e5622d014407ad,31,156.972,10.516129032258064
C_08b1f5b285bcbfdf,31,375.945,17.35483870967742
C_f14996889553ead1,31,182.01,12.387096774193548
C_63d851ce78bb00d2,31,115.12,4.161290322580645
C_55317f6c3945b97b,31,368.239,31.774193548387096
C_eb27b9602089271a,31,324.996,21.548387096774192
C_61a08e697e80c374,31,72.14,2.6129032258064515
C_8b39819dfe9dcbe6,31,203.904,12.258064516129032
C_5b569ed48d6804c4,31,96.17999999999999,2.0
C_9ca6a67154233849,31,59.09,1.5161290322580645
C_ec0e7677c82c2902,30,88.71,4.233333333333333
C_c3444a944a62d06b,30,47.867,1.0
C_696ba1b7334af19a,30,378.326,33.93333333333333
C_d13dbec1c0c9ddf9,30,125.26,2.4
C_621582c8f2952479,30,113.46,5.633333333333334
C_11242777a4ec6852,29,244.851,18.75862068965517
C_10d1412b00821712,29,424.782,27.310344827586206
C_d8377aa76124ef17,29,62.08,1.0
C_6740cd831a76da2e,29,357.04200000000003,22.344827586206897
C_22625bf75ba8decf,29,338.78700000000003,19.06896551724138
C_1536909d585e1a9d,28,63.9,3.1785714285714284
C_480ae95e77d3b93a,28,167.267,8.178571428571429
C_9d9bf3ca1f194c0d,28,45.571,2.607142857142857
C_6f9367898575851e,28,90.45,3.2857142857142856
C_04ac94ca00f0cd32,28,248.273,19.535714285714285
C_abb7aa809896452c,28,132.622,8.107142857142858
C_f419dea9d9903b1f,28,94.75,2.3214285714285716
C_a06e53af082ad152,28,195.887,11.535714285714286
C_7f4751cd4377afd1,28,181.123,13.607142857142858
C_9d41b69c3ad77400,27,113.98,5.555555555555555
C_d48151554fb5c851,27,85.27,3.814814814814815
C_3c1601c0a0954c3e,27,91.918,10.074074074074074
C_3c2ac9c7a05f5f30,27,313.963,28.62962962962963
C_e87bdd027d191f03,27,56.07,1.0
C_299f5b3590d3f43f,26,66.00999999999999,1.0
C_930a1c0a8b2e1bd7,26,132.237,10.076923076923077
C_887471ca17b85677,26,61.232,1.0
C_e0844ab154b64169,26,57.08,1.0
C_54f520fe332ff5bc,26,293.277,19.26923076923077
C_3a860b3fd38ffa77,26,53.82,1.3076923076923077
C_65f6933ede5b21e0,26,76.42,3.3461538461538463
C_7b7112889e4d7704,26,52.67,2.1153846153846154
C_3ca0d08ecf3a1a4f,25,75.85,3.08
C_a25dae7de9f72035,25,120.91,8.84
C_d8ad0c25cd06a861,25,74.65,3.28
C_02f3e8f2b953661f,25,98.07,2.96
C_7ac70cd04bce8e66,25,65.47,3.4
C_ac3afdd7ecb960e3,25,54.25,3.2
C_1024f26e829d4dbb,25,171.236,19.72
C_8bb57f5a564f6bdd,25,199.945,19.0
C_0965c436650add60,25,348.092,36.68
C_83829182083aa796,25,58.38,2.16
C_d01a6b69b7d0b61b,25,64.2,3.04
C_dac5f46c2af83a57,25,199.075,16.68
C_ac84aaff9c745df8,25,68.35,4.36
C_7170585d19e6d568,25,330.543,23.56
C_e7542bfde9cb63f1,24,123.503,8.541666666666666
C_01df64a141109273,24,55.2,2.2916666666666665
C_cf17aac3aec805aa,24,51.701,1.0
C_c4b9cbc65f09d047,24,377.976,29.958333333333332
C_5eb4c57a42769f9d,24,40.26,1.0
C_3cd56ecefe0134af,24,58.54,2.8333333333333335
C_f166873e5f3ff001,24,55.6,3.0833333333333335
C_6c8bbcb4f263ee77,24,129.347,6.916666666666667
C_30c7d5e55fa08893,24,75.931,7.833333333333333
C_d7344fa87330797b,24,57.65,5.125
C_7d54ac6495730216,24,73.84,2.9583333333333335
C_399ca47a9da98699,23,140.732,12.695652173913043
C_34d344aca753262c,23,212.196,19.956521739130434
C_05d289c1aeaf7b57,23,65.94,3.217391304347826
C_aff4b531508a44f9,23,78.14,4.695652173913044
C_bb01d6cdec4d7d30,23,94.84,5.913043478260869
C_7ff4ac3896d805ba,23,247.904,21.304347826086957
C_7f65ea65773a2fc0,23,169.971,14.391304347826088
C_c739f9a3598ac8f5,23,76.53999999999999,3.5652173913043477
C_3d52cd31e207123d,23,165.0,10.826086956521738
C_3a9c6ee5e19bcd26,23,85.52,2.347826086956522
C_7513500de1b63e05,23,98.004,7.956521739130435
C_cdc8a757fa834302,23,79.3,5.782608695652174
C_40b3c934b9ae9e33,23,94.14,5.304347826086956
C_a36c4dcf5c488ae8,23,94.721,6.869565217391305
C_25e25a02f2f0bcfe,23,30.701999999999998,1.608695652173913
C_a63e6d6dd3ac5c4b,23,118.27,10.73913043478261
C_23fb2ca39b51ecc0,23,28.913,2.130434782608696
C_04b27d346d757f10,23,43.47,1.0
C_6a81832f6dae2518,23,60.92,2.4347826086956523
C_fb0b2bcc69e695be,23,55.35,2.1739130434782608
C_20dd085ed71cb219,22,128.867,12.363636363636363
C_50639ffdfb566f61,22,61.02,3.3636363636363638
C_dbf8fcf4eb0929b2,22,76.05,3.772727272727273
C_7385e161cdd15d9c,22,43.53,1.4090909090909092
C_5db23dd1c4b24f8a,22,105.77,8.5
C_23f0ef227162a2c6,22,128.011,4.818181818181818
C_4b02c91e644544c2,22,183.144,13.363636363636363
C_b6555ff56bc0889c,22,125.903,14.227272727272727
C_b1c82e6a8be76424,22,102.331,8.590909090909092
C_1322c769c4b72c30,22,100.399,6.636363636363637
C_5504d5479a3caff0,22,64.533,3.090909090909091
C_d66a907fc983881d,22,115.742,10.090909090909092
C_45d22cdefa307e62,22,47.89,3.272727272727273
C_6d89599da4405437,21,140.928,14.047619047619047
C_1e4f4f5c89ce9332,21,68.25,3.142857142857143
C_613401cb7a3c306e,21,55.03,2.9523809523809526
C_0cf680c19a2980d1,21,47.019999999999996,1.4285714285714286
C_90330f0edeb1efcf,21,100.91,2.0952380952380953
C_7d8d69a7aaa7e9bf,21,61.88,4.0476190476190474
C_928add5b8833fde4,21,63.18,3.619047619047619
C_c50afdef310c7305,21,141.94299999999998,12.571428571428571
C_5d070264a2b9759f,21,206.86,18.38095238095238
C_fade18798405a6d2,21,82.61,7.285714285714286
C_466a2f0c62307350,21,78.374,6.857142857142857
C_f2279fca976b3a86,21,69.73,4.0476190476190474
C_07557768e7448317,21,192.966,18.61904761904762
C_95d8ffc573014fad,21,131.711,13.333333333333334
C_47e8f7cbc697ac7b,21,111.64,10.857142857142858
C_e016384f0355da6b,21,40.78,1.0
C_ef894862c65b05d3,21,82.176,7.619047619047619
C_eeb530b1a089839b,21,256.56600000000003,12.523809523809524
C_b0796fb991ee6fe8,21,54.84,3.8095238095238093
C_d9b49f1f6a1a85e3,21,53.33,1.0
C_02dc09a0ff7fcd3c,20,80.718,8.3
C_f484fc7f8cb82d08,20,97.028,9.5
C_a0fdf9179f78e5cf,20,40.76,1.0
C_d8a54508916a7dad,20,87.23,8.3
C_40af38fbcf293523,20,84.85,7.05
C_f1a6882a72c10b37,20,53.760000000000005,2.95
C_085cf07c0c127fc7,20,57.18,1.0
C_ada39233c6e0fab9,20,65.711,5.9
C_f42fff0eb7831f86,20,51.95,2.35
C_5ed5f247052b028a,20,220.40800000000002,25.0
C_3fa438e25fb2622b,20,302.965,24.2
C_4c561faf29733b35,20,81.19,3.5
C_998ab4589f5e3184,20,124.9,12.2
C_0d03abf6684bbe0c,20,66.213,2.7
C_e2ce8839d6f828d9,20,39.26,1.85
C_c3eb6b579edda280,19,34.98,1.0
C_15895181eca10f44,19,94.51,9.052631578947368
C_88d59f3090b31817,19,78.68,5.894736842105263
C_a72f291e4a48a378,19,40.85,2.1578947368421053
C_eefc14ca2701d67e,19,48.38,2.736842105263158
C_a7f4aab9a3b685b4,19,63.41,4.7894736842105265
C_e1f2c35258cddb7f,19,92.66,7.684210526315789
C_1098e9991450f62c,19,47.04,3.0526315789473686
C_c3c5e90a160a9850,19,74.685,6.2631578947368425
C_d3da24a60320862f,19,39.5,1.0
C_67f48d20df39ec55,19,60.34,4.7894736842105265
C_77e5a026bff6824d,19,32.089999999999996,1.4736842105263157
C_0328ee566b04437a,19,267.893,34.0
C_bb549e41458901cc,19,81.271,7.526315789473684
C_43884bf03bda17b9,19,85.197,9.631578947368421
C_c020dea098a7667b,19,169.786,21.105263157894736
C_c0eaeca7b29a7015,19,90.33,8.894736842105264
C_234a1a8515837947,18,85.54,4.388888888888889
C_ddc359e088d9cdea,18,81.101,10.944444444444445
C_f5e9b3bcfefb1fd9,18,120.56,13.333333333333334
C_6dc33ba298b5feb1,18,51.92,3.1666666666666665
C_d336637ffbcf1447,18,71.61,6.611111111111111
C_d1399a6aeda0c046,18,44.71,2.1666666666666665
C_6bfa6180cdc7030f,18,83.73,7.444444444444445
C_f906049cadb0124a,18,35.68,1.0
C_65db83396a7f1c53,18,36.84,2.1666666666666665
C_db90afda4d19416a,18,41.72,1.9444444444444444
C_26680fcd2f114c9e,18,44.65,3.2777777777777777
C_c8623584b198d4d0,18,70.535,9.722222222222221
C_26a25ab11956e3dd,18,35.089999999999996,1.3333333333333333
C_a30bcec4ba9a1ae5,18,73.666,9.88888888888889
C_320213b745e78cf5,18,49.63,3.7777777777777777
C_7f7f78beb278a571,18,84.18,7.5
C_c039dffc21680b7b,18,39.68,2.4444444444444446
C_2c27ea3edd8a94ff,18,61.589999999999996,4.666666666666667
C_4ea4efb165b5d9e6,18,96.456,8.222222222222221
C_10c171fcfd282afd,18,51.44,3.388888888888889
C_621e811136fec746,18,42.22,1.5
C_c73a4a16bb57b00c,18,83.3,7.277777777777778
C_b6f8bf18879354ae,18,103.566,13.666666666666666
C_844260875f349d4c,18,86.81,8.333333333333334
C_3ea532ee8446c956,18,50.71,4.222222222222222
C_e39d16ab4ac4ff5b,18,81.323,6.944444444444445
C_3a058e54e941005a,18,133.157,12.277777777777779
C_19830676981ebc85,18,41.28,3.0555555555555554
C_3cbfb230c8ce6f2a,18,57.835,6.277777777777778
C_e99626227ee61f97,18,33.921,2.888888888888889
C_71fbcff7eedcc743,17,46.71,1.7058823529411764
C_67e1985d39fbd896,17,73.086,8.0
C_018dec39a0048611,17,31.89,1.0
C_8dc10d3846e7473b,17,55.6,4.764705882352941
C_1286a7b5788224a1,17,39.26,2.0
C_3f04bd0ee0cdb958,17,44.92,2.3529411764705883
C_3cd829f1df7ea27b,17,42.94,2.0
C_be307246f89a48d0,17,44.74,3.0588235294117645
C_5a3fac66a3541a78,17,41.36,3.176470588235294
C_2c0069c2ec1e3817,17,198.858,31.529411764705884
C_4178eb81ea1a577b,17,75.1,4.823529411764706
C_426964d56c0fe1cd,17,50.594,2.823529411764706
C_b881b5beab3bbb8f,17,34.45,1.4705882352941178
C_b890cc61f7ca9b83,17,48.76,2.5294117647058822
C_08c0bd86ff0df800,17,37.29,1.0
C_e1d802545edc6b52,17,37.686,1.0
C_28eb65e59469e7f0,17,48.81,1.0
C_cc591f9b1c50248d,17,55.66,3.7058823529411766
C_c96252c2242dbcd5,17,73.12,2.3529411764705883
C_6213961d66861dad,17,67.33500000000001,7.529411764705882
C_5168972961019ed0,17,44.29,2.0
C_2be0aabfde163f9a,17,77.484,8.470588235294118
C_460006f1522d0e46,17,47.89,1.8823529411764706
C_a5b3be02816a0bfc,17,48.494,4.529411764705882
C_db252e047344f532,17,85.37,4.470588235294118
C_6542cf44a25eb9ef,17,42.29,2.9411764705882355
C_fe29684b41ce105d,17,72.0,10.882352941176471
C_97414c09d0efe33b,17,31.88,1.0
C_9728bef1db0c3d2c,17,115.75,13.176470588235293
C_75bd296af87fcf0b,17,46.876,1.6470588235294117
C_2385391243a871ab,17,46.269999999999996,1.0
C_cd2bfe2db28899b4,17,63.28,7.705882352941177
C_c19fe8e4f566f70e,17,37.77,1.5294117647058822
C_8bbe0d65121f42fe,16,44.85,1.0
C_3dff09abf8a2b0cc,16,45.36,3.375
C_b87337840c4f8d05,16,71.31,7.875
C_0b70243f4da5e77b,16,97.61,9.5
C_9353098e2e7bdd36,16,69.24,8.3125
C_a786e002be5a66f0,16,50.19,4.5
C_0e7c7d9eb7029af4,16,68.5,7.0625
C_da88695de15c59a5,16,79.799,10.0
C_1c2507f6a16497c4,16,71.964,7.5625
C_af78582356de70b7,16,52.8,4.1875
C_49a2372e4125c1f3,16,72.13,10.375
C_9a5d528f71b65697,16,51.9,4.75
C_4090b8b627ef8833,16,30.15,2.4375
C_3c3e761b6bbdefac,16,138.116,17.8125
C_adcc68a34fff5ae3,16,290.603,38.3125
C_c783855fd9118aaa,16,42.019999999999996,2.5625
C_28100dec18f0d50b,16,22.55,1.0
C_426b02f21f5c88cf,16,80.02,8.25
C_426e47c0c198ed16,16,30.54,1.5625
C_f146b8c8f8d180f7,16,29.34,2.25
C_425a643839ff2cc5,16,73.24,7.0
C_8fb25eff6b8b7199,16,47.75,3.375
C_f32361c2e955f25f,16,41.37,4.125
C_1770faac22bdab3a,16,24.89,1.0
C_dcd7c26c60ddfa5c,16,62.157,8.125
C_6bc9d7915fe7581a,16,29.11,1.375
C_65d7f7fe0f28644c,16,87.9,11.0625
C_754971e1bfb231be,16,41.28,2.0625
C_96cf53ee456193b3,16,68.08,5.125
C_437d59ceb7820263,16,28.71,1.0
C_43d24cc8a8e14aad,16,64.076,8.875
C_157ddb72873b8bcb,16,360.729,40.6875
C_e187a81f9583ad06,16,58.56,4.25
C_5a3ae8ad6ccf97b2,15,39.3,3.066666666666667
C_df1c7fc5f80e9c21,15,38.550000000000004,1.0
C_be2269e7b4bbddbb,15,56.31,5.466666666666667
C_5c9637cb4d5fc0d2,15,83.992,4.666666666666667
C_d8a11e8f460c5674,15,34.870000000000005,2.2666666666666666
C_0cf214a49db766b6,15,24.54,1.0
C_70689f376226d7ee,15,29.2,1.0
C_1a9fadd4960f1e30,15,43.48,4.2
C_e283b6e05a92c1f7,15,33.65,2.066666666666667
C_3ce282d1640da528,15,25.98,1.0
C_4b3282cb692522f8,15,44.480000000000004,3.8
C_4806ecb6a7360f46,15,71.956,8.4
C_8f53b99b4cf8ef56,15,185.564,29.933333333333334
C_ffd7273800bae7f1,15,68.38,5.133333333333334
C_20309b4e0d1575bb,15,29.64,1.6
C_a22bac35a28481a7,15,58.81,4.8
C_9671be014aa97c02,15,105.159,14.266666666666667
C_cbc3e1335f286402,15,60.14,4.333333333333333
C_61d30edfec7ee354,15,34.269999999999996,2.533333333333333
C_4607872403273a12,15,267.939,29.8
C_7bc65326dc80f500,15,60.253,8.533333333333333
C_c63aef6566b31773,15,36.32,2.6
C_4e5d43b4dfe16a0a,15,45.82,5.333333333333333
C_9531b943aeb182cd,15,17.446,3.0
C_53727e66634ba002,15,68.274,7.533333333333333
C_b8b3bf7077640a3f,15,39.81,1.0
C_e2676f2cc72877b4,15,63.26,4.933333333333334
C_c44e026409211ccb,15,28.73,2.066666666666667
C_eaf3effae8dc8bfb,15,52.65,7.2
C_b0cd615b3d96ba9a,15,35.24,2.1333333333333333
C_b2b099c330b5ba40,15,28.29,2.4
C_b1f1b3a64cb5e676,15,38.66,1.6
C_bcffd6d9b1b9cb67,15,24.79,1.0
C_40321e451948aa19,15,44.59,5.333333333333333
C_8f346cb06d874193,14,110.471,16.928571428571427
C_8f635db19467d9df,14,30.15,2.0
C_0e20e352f7524e2b,14,61.727000000000004,8.857142857142858
C_4aa2b951483e7300,14,30.72,2.5
C_9ac87d087047d623,14,28.54,1.0
C_e7e2f33cc3078936,14,27.57,2.2857142857142856
C_d928dac1a47c4ede,14,42.61,4.0
C_da9b4b89be290bbc,14,53.42,6.428571428571429
C_1878a652148021fa,14,38.36,2.2142857142857144
C_3c2b8a933a67ee8b,14,36.1,2.7142857142857144
C_0afd71cbc1d0eb21,14,20.13,1.0
C_ad5bf7d091126d51,14,44.53,5.214285714285714
C_f4df2edb83e67e14,14,50.07,5.5
C_473062c504e90790,14,45.254,5.642857142857143
C_d595c8f31cc9160a,14,47.61,5.0
C_98aeaf7181541e5f,14,51.75,5.285714285714286
C_76c92ac961c49b95,14,37.19,2.7857142857142856
C_a2d58de3e3f92637,14,30.28,1.0
C_ec59b6ae463a645a,14,61.299,8.428571428571429
C_8b1f10154134444c,14,44.16,2.7857142857142856
C_2b851a08f5e07576,14,44.33,3.5
C_8c97be92fac27e68,14,35.449999999999996,1.6428571428571428
C_9f9ad076dbbcb79b,14,58.443999999999996,9.785714285714286
C_67f4d4b8558e6050,14,29.06,1.6428571428571428
C_767716ea0fb4adc9,14,30.04,2.2857142857142856
C_f2078ae65aedbbf4,14,85.63,12.214285714285714
C_431ec2d07c86e346,14,108.313,16.071428571428573
C_f41671c7c230f9bb,14,77.98,7.928571428571429
C_8f862903916ad96f,14,24.349999999999998,1.0
C_2fa368207bc54200,14,53.714,7.642857142857143
C_2ef2920bbcb00cb5,14,58.6,5.5
C_a968cfc8f976a600,14,43.91,2.7142857142857144
C_0f2a848e17e4040f,14,43.3,2.642857142857143
C_5b090465fa5e1636,14,62.36,4.928571428571429
C_b5977c71d5862ba1,14,35.26,3.2142857142857144
C_50b9eda64eaff324,14,69.1,6.928571428571429
C_2415822bb9c3edc6,14,59.974000000000004,7.428571428571429
C_7bf56ed546b52a2c,14,48.21,1.5714285714285714
C_144feb3e3d65b6e2,14,48.13,4.928571428571429
C_c64613307e96a4b1,14,71.49,7.785714285714286
C_5dbf6699829036af,14,96.0,12.214285714285714
C_266481a1b5a5a69b,14,53.07,8.071428571428571
C_9a61faec56c83ede,13,21.12,1.0
C_9c47c2f56fae4ddb,13,30.58,1.0
C_8eaacc44c8e610b8,13,92.215,12.76923076923077
C_10ea0746d29538df,13,41.327,6.3076923076923075
C_57b21de9384679e5,13,31.39,1.0
C_aea191331e242231,13,57.133,4.3076923076923075
C_3c2e58676b416c88,13,65.69,7.384615384615385
C_19e10baff2fed7f5,13,49.97,6.153846153846154
C_47fb8da5edc2af53,13,41.015,5.384615384615385
C_bd62b55d010e6179,13,23.400000000000002,1.4615384615384615
C_abf81920f68d38e1,13,28.79,1.0
C_e21cac3b423cad20,13,43.246,6.6923076923076925
C_59c4862a0b3c933b,13,37.97,2.8461538461538463
C_af934f0e26b15c9f,13,28.413,1.0
C_84cc3d063d2384b2,13,22.31,2.923076923076923
C_b773106f82d3706e,13,54.714,5.923076923076923
C_c216dc7c65d6c136,13,41.585,5.846153846153846
C_ba825ef419303bdd,13,27.59,1.6923076923076923
C_7f28295ac985fea9,13,25.96,1.6923076923076923
C_e52782f2708c2511,13,81.22,13.153846153846153
C_bda8287a6bb2d659,13,33.47,1.0
C_ee197d8e8787c26f,13,33.41,4.846153846153846
C_31c78e75089c69b6,13,23.560000000000002,1.0
C_2400106ecc683af2,13,22.509999999999998,2.230769230769231
C_285769652738c23c,13,57.926,7.3076923076923075
C_a06e16b69871496f,13,47.68,4.076923076923077
C_ec49a4ab3997b0a1,13,67.44,6.384615384615385
C_ed74f94677d303b8,13,61.95,7.230769230769231
C_cafe4e56b53e45b3,13,58.42,4.0
C_d0af3df1669007bd,13,53.04,4.230769230769231
C_5003fdc2e7a19b68,13,32.32,2.1538461538461537
C_db48870344505891,13,60.65,5.6923076923076925
C_d5cb12392fa53a99,13,57.783,6.538461538461538
C_69ded3bfaa3f935b,13,29.13,2.8461538461538463
C_cb672e3074c7d93b,12,25.04,2.25
C_269a5aec3a6eef96,12,42.54,4.333333333333333
C_68035a7f7095ec08,12,28.8,1.0
C_cf0b5467a36aa8cb,12,20.94,1.0
C_d0fe99aae7380f25,12,17.490000000000002,1.0
C_f870c5d6d5ee78b7,12,80.82000000000001,13.083333333333334
C_c256daa8e9e6f548,12,34.9,2.8333333333333335
C_7633a4dc410ed5e9,12,32.8,3.9166666666666665
C_3da84dff72216996,12,16.82,1.0
C_65990b4b263b606c,12,43.616,5.083333333333333
C_aa6f12474feb7be0,12,31.92,1.5833333333333333
C_a1a112ab298f58de,12,34.82,1.0
C_a3fdbc041048927f,12,42.587,7.833333333333333
C_39c9f6635f87e8a3,12,81.33,10.75
C_3feaebab65bb986a,12,33.839999999999996,3.9166666666666665
C_aa43913f21aa8d1a,12,62.71,12.5
C_b3d0b647a6b2f868,12,38.753,4.5
C_18f839d6774fb05f,12,46.221000000000004,6.833333333333333
C_390040fef29239c3,12,36.108,6.0
C_38132ec35cb455e7,12,36.888,6.666666666666667
C_660786a274c606cf,12,56.26,6.5
C_b6faf6fdc336f3b0,12,44.504,7.416666666666667
C_ba056d23b5e1cbf7,12,51.06,2.1666666666666665
C_701c56238dfce497,12,89.15299999999999,12.5
C_354066296029dee6,12,57.65,6.166666666666667
C_b8fdc7579d0fa4e9,12,50.176,8.75
C_6f0379f1bf74ca66,12,27.0,1.0
C_1eebe441d4967f7e,12,55.635,9.416666666666666
C_2f9adf6429db101f,12,55.38,5.916666666666667
C_ffaaee1d9f316eea,12,75.258,10.083333333333334
C_f1be2a3b9cbc9af5,12,25.1,1.0
C_592ae4c7588deb05,12,18.099999999999998,1.0
C_0d6ee8334494c92b,12,41.38,5.75
C_7c2871b451524c39,12,58.076,7.333333333333333
C_62da7e0eca423038,12,29.7,1.0
C_81f6f87a2b1bae9b,12,48.93,4.75
C_7ee33cbcec4149fd,12,65.69,12.25
C_5dc8b72912a63387,12,43.480000000000004,5.083333333333333
C_0cbf3f5af68a0187,12,24.96,1.0
C_8a0bc8047438a211,12,36.65,3.3333333333333335
C_7f74066e1c8e665d,12,53.29,9.75
C_7f445010900dde4d,12,52.56,6.833333333333333
C_76e4b04fe009e4b1,12,57.71,5.083333333333333
C_9d4fd76b76f2ec02,12,37.13,2.1666666666666665
C_e30307295fb3282b,12,20.18,1.5
C_5a86e8713438e371,12,55.69,12.166666666666666
C_fb032c431be4833c,12,33.57,3.6666666666666665
C_025cdebe272dfe81,12,31.97,2.5
C_0fdc9c5f2c0a2282,12,30.26,1.5
C_997451bf3885aa93,12,27.89,3.5833333333333335
C_5fedccd0c68ecc4e,12,33.89,2.75
C_614a852481e0ba29,12,34.85,4.166666666666667
C_6d3cb779eb2b07d4,11,29.22,3.727272727272727
C_ffdcf8925126ab8b,11,32.76,5.090909090909091
C_cc5318a820cfc339,11,45.08,4.454545454545454
C_caaaff396a1c2eb8,11,56.019999999999996,13.545454545454545
C_26ebeacef70998af,11,39.487,5.454545454545454
C_ca13f18c947c7a01,11,53.87,8.909090909090908
C_f6e240948a501ef3,11,41.07,4.545454545454546
C_2d40d8fefa3d7d97,11,45.86,3.090909090909091
C_d173d2a66741ea28,11,36.38,3.4545454545454546
C_136b7e9513459967,11,42.396,5.363636363636363
C_e37d8c77a83369b4,11,31.13,4.0
C_5c327dcfcd0d01e1,11,24.19,1.0
C_faf8d452e5ce2ec5,11,56.78,10.272727272727273
C_fefe95fa3c4f0708,11,38.56,7.181818181818182
C_868f4bea8252b01f,11,23.62,1.0
C_5bce0f1401493018,11,63.45,7.090909090909091
C_f1d9d5a6ae6f4b3b,11,23.72,1.0
C_ce014d00c8a79358,11,45.89,5.363636363636363
C_c82e8e0a6a340478,11,42.94,5.818181818181818
C_cf29328cdfa6db34,11,37.486000000000004,5.818181818181818
C_cea61b570317784f,11,20.53,1.0
C_2e6eee8fd0bbfe68,11,30.156000000000002,5.2727272727272725
C_d4c2bd48dabf299b,11,59.902,9.818181818181818
C_acacc520e1fb32c0,11,42.25,7.545454545454546
C_73a92a8ff5b338e8,11,23.25,1.0
C_e13f5ebef016f13e,11,53.68,7.181818181818182
C_7867b2ef628017ef,11,34.55,4.090909090909091
C_4446eefe0a508c57,11,38.39,5.909090909090909
C_a23b57106534434b,11,29.89,2.272727272727273
C_a946b3452350a7c7,11,23.57,1.0
C_17740acade51d292,11,31.42,2.6363636363636362
C_d81549557449eccd,11,67.48,13.181818181818182
C_bb4290a1ed44d313,11,17.14,1.0
C_d933206c96adffa5,11,30.336,3.1818181818181817
C_38e1362653e6d844,11,33.975,4.7272727272727275
C_1b2c856a214bd9d4,11,33.12,1.0
C_7103a83c14f15926,11,55.230000000000004,5.363636363636363
C_bb7734e4881b17ee,11,33.21,2.3636363636363638
C_70837a32cf379e0f,11,50.42,7.2727272727272725
C_2fdc471859453b2b,11,36.383,3.909090909090909
C_bfface9bd3aa9ac1,11,34.76,4.0
C_e4e624266b12f0b8,11,37.427,6.090909090909091
C_9b694b228520ffe2,11,43.848,7.454545454545454
C_8ee674e962d11fad,11,32.15,4.2727272727272725
C_497324be97686911,11,21.28,2.3636363636363638
C_3bc6dcbeaa831088,11,18.28,1.0
C_4119e2c18e6b40d1,11,23.15,1.0
C_72e8c7979bb366ba,11,40.12,7.363636363636363
C_e2e24c38582ed32e,11,62.66,12.0
C_0181beeb3bac1486,11,33.31,3.909090909090909
C_08320f127cddb965,11,32.74,1.0
C_f2e380dfc13bda98,11,29.83,1.0
C_5518a17b71d248e1,11,38.81,6.636363636363637
C_5433a49da22bcea5,11,47.6,10.545454545454545
C_5497dc0438b6d07e,11,25.83,1.0
C_9ebf5388b2ad6f7c,11,41.66,1.8181818181818181
C_26dea9068aca478a,10,63.37,12.7
C_2116b65e4f274043,10,37.37,6.8
C_f8d1e7ea1fd9c97b,10,20.297,1.0
C_ce4f4ec0c7fb5d51,10,55.61,11.2
C_cd25d69473c7eae2,10,42.412,10.9
C_00e168431319f078,10,21.23,1.0
C_69bce20eb66f646e,10,38.369,5.0
C_6df4416e5de89102,10,33.37,2.9
C_bea1f5ff0cecfc5b,10,37.870000000000005,3.7
C_d569ae44e6749e0b,10,39.43,8.4
C_2ef0206c8677d397,10,19.71,1.0
C_d3be7599067af856,10,53.5,11.3
C_da41ba29bc07fb5f,10,34.486,7.8
C_aade6af6c45b3bf7,10,14.39,1.0
C_d6519f211c916dd2,10,18.83,1.9
C_36f0f092187a5964,10,21.97,1.8
C_66c44493481b5012,10,15.45,1.0
C_a2c77e39e255ef1d,10,42.116,7.9
C_f3a47353e1ea0eab,10,29.369,4.3
C_a18e741b1fd28d35,10,49.67,10.4
C_a2a2baaca5fed826,10,26.795,4.1
C_df163ef7859ef2c5,10,30.976,4.0
C_de358c1ca72eed71,10,46.21,4.9
C_a7b258293c3a21d0,10,53.086,7.3
C_a531f6e7e31a23c3,10,34.686,5.5
C_04a9a7541eb23cbc,10,42.48,4.2
C_415ca050ab15f6b3,10,81.466,12.0
C_aab463ba93d4b8a8,10,46.09,9.1
C_4aa2e620a4acccd6,10,51.71,9.0
C_4bfdf71ddc374ef0,10,15.98,1.0
C_4d1ca0fc5c9c8c44,10,38.636,7.1
C_9fbc600a211df91c,10,27.06,3.0
C_a0d259262e0c3a97,10,64.43,12.9
C_578ae48b93d5c4cc,10,32.467,5.6
C_56b59834adc07c55,10,38.85,3.7
C_79ade9f63fd7255d,10,30.98,2.8
C_5529aed11f1a3ac6,10,14.52,1.0
C_7cd7ee43eb5fc9f7,10,59.8,10.7
C_e519a011fa82f08f,10,36.28,7.7
C_956ec70bc48e9f6e,10,19.68,1.9
C_0da255a843210add,10,32.79,3.9
C_1246df1760ac4c93,10,18.4,1.9
C_85bd8c3a6c6fda94,10,50.410000000000004,5.9
C_8a7de9c296cdddbd,10,51.71,8.2
C_59facf609bddef84,10,65.84,12.9
C_89fb1ea3f510cbcc,10,43.388,9.3
C_5ad3ddb64df4936e,10,148.386,29.1
C_7fae4c713d23cadd,10,61.95,9.5
C_83d44dba423fcc80,10,15.33,1.0
C_fbe43e1bc5698392,9,31.39,6.333333333333333
C_2804520dd3ecb4b8,9,47.66,10.555555555555555
C_c8dc36b8f021dde3,9,23.878999999999998,6.555555555555555
C_6a972b553c419be4,9,40.91,4.111111111111111
C_2e6e46db4fb0d356,9,48.54,7.888888888888889
C_f856844f65b1cd7a,9,41.959,10.222222222222221
C_c3a98b6462e9381a,9,27.77,5.0
C_71c2a9db98608dff,9,23.89,3.2222222222222223
C_3118b951890bc724,9,21.240000000000002,2.7777777777777777
C_b984129d04d49fb0,9,43.41,7.666666666666667
C_b34d5c2ad0c1ae35,9,15.91,1.0
C_67605c0c27fcaf4d,9,32.076,6.333333333333333
C_3bcea36c1a4bbc64,9,42.06,10.0
C_dccac082adb4598e,9,31.345000000000002,4.555555555555555
C_72bb8f9e42291cb7,9,25.16,1.8888888888888888
C_a7f687d296cd8936,9,14.33,2.0
C_a9fc4e0575bd239e,9,50.86,11.555555555555555
C_e06a39919737f488,9,37.5,7.555555555555555
C_81cd3d8838415e01,9,24.87,2.7777777777777777
C_82d3bfe7a5252740,9,15.13,1.0
C_e0773083057e8fd6,9,37.02,7.555555555555555
C_12aeb0ccf8ecac74,9,39.980000000000004,5.333333333333333
C_4443cb282604b188,9,59.226,13.333333333333334
C_450d8634f1eb2cea,9,19.87,2.5555555555555554
C_643556301d8c4910,9,26.775,5.666666666666667
C_a05fac441ff9e712,9,27.38,4.666666666666667
C_13a401a9603780e4,9,34.26,6.111111111111111
C_9d34c537255ba027,9,34.857,7.555555555555555
C_7778468344f53351,9,24.52,3.6666666666666665
C_1107d34bc5bae5d9,9,21.79,1.0
C_121263a9526e5494,9,33.82,5.555555555555555
C_9acf28e7b82aa28c,9,18.64,1.0
C_e4ff6d9ae0d72af9,9,22.73,1.0
C_978211d7ba28e606,9,18.03,3.0
C_e6d27ff8ea2539ee,9,49.83,7.777777777777778
C_5d1bbc5504a63ced,9,19.94,1.0
C_83f992f0c9913b0c,9,31.829,5.0
C_0897b3d22f342e5a,9,127.289,15.0
C_08fe7eb3cc1eb78d,9,9.5,1.0
C_80b925b2366f7377,9,58.44,12.0
C_50d852bf88fa7714,9,21.490000000000002,2.5555555555555554
C_5325f81a53a43e5b,9,30.369999999999997,6.777777777777778
C_53c5724b67c10117,9,32.284,6.333333333333333
C_9033cc7b36609cb5,9,25.46,3.0
C_903d5b5ebf66edc8,9,46.797,9.444444444444445
C_909cb0a85e8cad3b,9,19.944,1.0
C_ea125817734c7966,9,46.75,10.444444444444445
C_8f87bea38b2c90af,9,34.556,6.888888888888889
C_5a0a8ae6962337d6,9,32.42,5.111111111111111
C_6069aefd8213306b,9,40.91,4.0
C_0b4e125ad68b55ef,9,36.647,9.444444444444445
C_6cca193029278241,9,23.35,2.6666666666666665
C_01c27513c01f1bb9,9,25.08,3.2222222222222223
C_01a7238990badfda,8,47.84,13.125
C_f1e537f1a3559bc6,8,41.74,12.625
C_c81eea6503562185,8,17.3,1.0
C_edcd534f8077f588,8,59.171,18.875
C_ce1407bfe12ada21,8,22.759999999999998,3.25
C_26586075d9b119df,8,45.76,9.75
C_62c08ae049495948,8,17.15,3.25
C_8901644579deee04,8,26.96,3.625
C_86bf0d7068fd224b,8,13.85,1.0
C_22be476f2d05a2d0,8,25.018,7.0
C_c73c3606c87cf6ad,8,17.98,1.0
C_c5fd1ff22628e66a,8,38.78,4.875
C_0ae1d972d6512799,8,19.294,1.0
C_7cb9898acbb977ef,8,24.97,3.25
C_215c64835f0b3216,8,26.715,5.5
C_bba5f4b654383dc3,8,40.81,9.5
C_67c66d925c52c37c,8,25.66,5.75
C_0c459dfc7e9f4b3c,8,33.78,4.5
C_b95f0e6ddcf6167e,8,46.46,10.0
C_b942c22c7c04a0fb,8,28.84,1.0
C_332afcdc0e008e7e,8,21.349,5.375
C_702e99607d437444,8,19.64,2.625
C_b2bc33852a1b258d,8,40.54,10.625
C_79672f0c7f9ea70f,8,18.32,1.0
C_18f1e531790ae2c2,8,22.08,2.125
C_559baac3af69ab59,8,12.74,1.0
C_7446c865ab02456a,8,44.57,7.625
C_f34e13c3694ac658,8,25.27,4.375
C_38166cb61c5b5ec4,8,51.65,12.5
C_1aa8cdd47d7af4bf,8,10.99,1.0
C_e19a59bf0cf0866b,8,41.58,11.375
C_e5be3c979a034ee0,8,19.13,4.0
C_973ae7b5d64a9f66,8,31.56,4.75
C_e210fd8a456e4de1,8,21.6,1.0
C_a02daa1660210b29,8,10.39,1.0
C_96f472170279d280,8,20.93,4.0
C_cb43945addf1e251,8,19.9,2.125
C_0375acd61d3a1d09,8,25.05,4.75
C_1128b9049400ce2c,8,44.87,5.375
C_4a20934bfb16a42f,8,6.792999999999999,1.5
C_9a82d26b3ba2da82,8,59.11,13.5
C_4cbffba43a3679dc,8,40.24,12.5
C_7647f43a30234ccd,8,18.83,1.0
C_768ccad2e843086f,8,23.57,3.25
C_80f6ec48bfa3a015,8,40.04,11.125
C_143bb2721c6a569a,8,9.4,1.0
C_f5556107ac7cc643,8,44.559999999999995,3.0
C_09681a5e56b1db1f,8,56.317,13.875
C_a6fa7b8b3e334d3b,8,37.556,7.0
C_a6045a0600b66484,8,36.964,7.0
C_8eb71a87be29cfc1,8,10.85,1.0
C_db3de75e0db89148,8,10.6,1.0
C_3e67191656cb51c1,8,37.006,5.375
C_3ded8b01f3cefea1,8,17.05,2.0
C_6e1d413c9f105899,8,30.297,6.25
C_ca9b551db35d21d7,8,14.01,1.0
C_7ad8fe5300609308,8,30.64,7.25
C_6953a1f6dd1373ba,8,25.15,3.125
C_9f6945cd5b1b00ef,8,39.63,5.625
C_a63028b168746d05,7,30.16,5.428571428571429
C_5d5b75df933eec19,7,38.56,1.0
C_f02fd3dc7c37a77c,7,36.6,7.571428571428571
C_727bd6288c9e3007,7,17.7,1.0
C_2f56972a558a77dd,7,31.91,10.0
C_0d0075e384b82976,7,20.16,3.2857142857142856
C_8952f03703f38e02,7,22.05,1.0
C_90119f2a7d9ec594,7,22.61,3.5714285714285716
C_5792c631d0674968,7,27.42,4.142857142857143
C_ea5babc9837bd28c,7,37.68,7.285714285714286
C_1e71ae8b92b73a93,7,17.488,1.0
C_21bde481961dd9ab,7,20.088,1.0
C_84a058978f7eabc6,7,32.47,6.428571428571429
C_c30f56ce0191b1b7,7,31.83,8.285714285714286
C_c00977de7b9bbedf,7,41.35,13.428571428571429
C_5944bc7e873fb4dd,7,37.28,7.857142857142857
C_f6bef4001f67dc4c,7,39.76,11.857142857142858
C_5b5114c0f01069f1,7,18.087,1.0
C_c722a85a54f13b82,7,23.85,2.2857142857142856
C_c4d90b247f900130,7,47.688,14.285714285714286
C_90b167fe5d533445,7,38.138,7.571428571428571
C_1607b9544bae1d53,7,26.91,4.428571428571429
C_9ae39a5f22c4a083,7,31.19,6.285714285714286
C_6597b4e01d57ef93,7,47.687,13.714285714285714
C_42c0f32f21ccfa37,7,48.6,12.428571428571429
C_91b8fb2f00cae99e,7,13.9,1.0
C_92a7a2447e6e1e0f,7,11.99,1.0
C_5cfa6b69f4ce288b,7,22.71,6.857142857142857
C_ffd779197c3c8bcd,7,21.588,4.285714285714286
C_5c50b8eaa0fd668f,7,36.69,12.857142857142858
C_2936977ea0cf8c12,7,20.3,1.0
C_6d208095d6d91cd4,7,39.39,7.571428571428571
C_5bf2ba60bf3ba24e,7,19.29,3.857142857142857
C_7d34fd836d6e0a9b,7,26.15,1.0
C_24616e4a36bfc532,7,16.17,1.0
C_111b1a8cf6e2be07,7,19.63,1.0
C_cb7610978dfbfa29,7,26.85,5.857142857142857
C_272c8f938726a93f,7,29.236,9.142857142857142
C_e391920000b540e5,7,50.67,9.714285714285714
C_67f5f01babf888a2,7,34.86,7.428571428571429
C_1242e9ef2dcc9e8f,7,46.25,13.857142857142858
C_76bdc21a65851ade,7,52.26,12.142857142857142
C_4c254db76fbd0f57,7,33.125,10.571428571428571
C_e596dd784c2bc545,7,33.980000000000004,9.285714285714286
C_e6dc927dc4493978,7,29.6,6.714285714285714
C_e71e771a736a859b,7,16.5,1.0
C_6452a5179203547c,7,23.3,7.857142857142857
C_e50e6f5bd22da298,7,40.82,10.857142857142858
C_45e0bd8e5550c0af,7,39.76,11.571428571428571
C_1346c7a46a67b27f,7,13.61,2.2857142857142856
C_13943bb4cb37dd68,7,26.73,3.2857142857142856
C_a38f549a5a506d8e,7,17.92,3.2857142857142856
C_62a6523ebf5b6a3b,7,28.759999999999998,4.0
C_10cb3ff1d081a545,7,10.02,1.0
C_4357d09081fae09e,7,41.65,12.142857142857142
C_553f00276e9c1dac,7,17.25,1.0
C_0d81a376ca0a5004,7,23.939999999999998,4.428571428571429
C_42dda91cc0187235,7,11.82,1.0
C_a9b7a28769b7fd79,7,37.660000000000004,9.857142857142858
C_f3ffefca0fb747c7,7,31.102,3.5714285714285716
C_4ea88a4d683d4a68,7,52.18,11.714285714285714
C_b03275723f89740d,7,28.759999999999998,4.714285714285714
C_52a822ad5dcf866e,7,42.79,10.714285714285714
C_d81de5a156f22d6e,7,23.295,4.285714285714286
C_b2f76e98e8bf9038,7,44.26,9.142857142857142
C_379f951ccd2a31a9,7,38.67,12.857142857142858
C_b609fb7a156d7130,7,39.51,12.428571428571429
C_a6c4683e8c985086,7,40.4,6.428571428571429
C_ef48ca6f5673a4dd,7,42.11,13.0
C_0e5a3a6f978e1ea2,7,41.84,13.0
C_3f446598d7eaa005,7,13.9,2.142857142857143
C_501d380ecfaaaea2,7,16.84,2.2857142857142856
C_27e890e44b72021e,6,17.69,4.0
C_01a8fa900b14a26c,6,8.21,1.0
C_fe05deeb5a532098,6,24.09,7.333333333333333
C_6cc336d5c82bdb52,6,38.92,10.0
C_ffb2007ef518fde7,6,22.770000000000003,4.333333333333333
C_003c947f08167a9a,6,21.83,1.0
C_fecc2ceacdfe7179,6,37.55,11.666666666666666
C_28c9946a48acd0d1,6,29.2,12.666666666666666
C_292c73999c928550,6,14.45,1.0
C_5c420e56138fbbbc,6,36.46,13.0
C_0b2854ffd9cd9cde,6,35.120000000000005,12.166666666666666
C_cee5a51a8b91f439,6,25.0,9.5
C_c971518b98a37db9,6,18.249000000000002,6.5
C_f271a1d98b0614dc,6,15.808,1.0
C_2499bfae7b052798,6,32.58,10.333333333333334
C_0a30926b0a602998,6,17.0,1.0
C_5859d7c454ac640d,6,12.42,1.0
C_f81f4997dc4492a8,6,16.776,1.0
C_f70c2df3ee946dac,6,10.82,1.0
C_2ec2ae5d2d6513b7,6,33.14,11.333333333333334
C_f64b418e5028f79d,6,37.86,5.833333333333333
C_88d73d01e4b2ae40,6,21.61,3.5
C_596e4840ea75dd01,6,19.416999999999998,1.0
C_85ddab775fa75927,6,27.75,6.833333333333333
C_88332fd9b2159731,6,11.16,1.0
C_c0881241ddd0c049,6,13.078,1.0
C_c0f43374d332d6db,6,9.76,1.0
C_35e4921d589e18e9,6,45.57,13.666666666666666
C_34f5f8273bdae20c,6,25.29,4.166666666666667
C_574c7e9addeabd09,6,42.2,10.666666666666666
C_8d2431da375254d1,6,17.69,1.0
C_eb46bae2c75b97cf,6,32.96,10.166666666666666
C_302caad88eadeed4,6,12.91,4.0
C_6ef0eee113ae6289,6,17.26,3.5
C_3227d99fcac78d03,6,19.97,4.0
C_31b1c3c4c8ba9536,6,18.705,4.5
C_bdda3bc1295dc071,6,38.45,12.833333333333334
C_bbff2e7666dc00eb,6,36.07,12.833333333333334
C_2046727a3840464a,6,11.58,1.0
C_209dfbaa555a05d7,6,18.979999999999997,2.5
C_bd0073290b9825be,6,39.27,13.166666666666666
C_8ce00fdae308de4e,6,24.948999999999998,6.833333333333333
C_5893432564c6d152,6,15.508000000000001,1.0
C_2e7c671416de5f07,6,38.54,10.5
C_d037d82de2290db7,6,15.389999999999999,1.0
C_c619dd96fcd03ea6,6,29.71,9.666666666666666
C_853fbdf5d2c8709a,6,21.519,6.666666666666667
C_d936b0b2e3f91af4,6,23.32,5.5
C_79e57d1f93a7d54e,6,22.29,1.0
C_79781e50d3648ac1,6,43.438,13.166666666666666
C_54ba7b6263b1841a,6,30.939999999999998,9.833333333333334
C_4018966e8bce0c86,6,37.55,8.166666666666666
C_aa7935af452e2433,6,10.43,1.0
C_ad165fc69628b870,6,13.84,2.0
C_ac818ac5138e7dba,6,35.480000000000004,12.0
C_17ce645193039c35,6,37.272999999999996,11.333333333333334
C_ade0b28821c018b8,6,13.63,1.0
C_e9c72279935ba084,6,11.76,1.0
C_0e3eacaac777d497,6,18.78,2.5
C_5e30f5f61326f655,6,23.397,7.666666666666667
C_810d472072b52701,6,12.238999999999999,1.0
C_4271edb5c08b13a3,6,29.95,10.666666666666666
C_04a7e7433acf2f57,6,25.37,4.0
C_aa80e280942a0ea4,6,14.62,2.5
C_92aa161f0ebbcba9,6,24.64,8.833333333333334
C_52445b56cbd04ec2,6,13.289,1.0
C_a9d913b8cdff164d,6,36.38,8.833333333333334
C_7804c2f6ecb07f79,6,30.37,12.333333333333334
C_77d87a77a467693b,6,25.95,11.0
C_a1b4951a804bbd40,6,10.23,1.0
C_75a242327ccf852a,6,31.14,10.333333333333334
C_954dcc6d4070a87b,6,9.870000000000001,1.0
C_635b634bf887bc93,6,14.11,1.0
C_968385681ed3cdfb,6,13.98,1.0
C_5e94f8ae412dc1cc,6,39.0,10.333333333333334
C_134d3f6a9269ff90,6,19.65,1.0
C_10a6f3de4281dbd0,6,38.65,13.333333333333334
C_4e429ae1f99d6a4e,6,10.66,1.0
C_98eb16f970a2273f,6,18.55,5.833333333333333
C_645d1227e35ca3b1,6,12.14,1.0
C_4519c0be84cf0391,6,17.08,2.5
C_e14c99acec08d4c6,6,20.369999999999997,2.5
C_7b532ebdc1419da8,6,29.39,9.0
C_9e76ea8e0d807478,6,24.92,8.666666666666666
C_9e9affef34e126aa,6,11.5,1.0
C_49a9771626064a97,6,33.4,12.166666666666666
C_9ed6a2d73f67a5cd,6,23.79,5.333333333333333
C_7ae5653800b33e8e,6,41.48,11.5
C_fa0e3bd5014861d1,6,16.11,1.0
C_9ed5283e3f5c678a,6,19.57,1.0
C_7777533e785af02a,6,17.73,3.8333333333333335
C_279fa357b6eb6090,5,19.497,7.2
C_036944e66b4a968b,5,33.58,12.6
C_02cd925f2d69b3dd,5,7.4399999999999995,1.0
C_cda439a1c102cbf7,5,31.61,13.0
C_4c1dd8d5e17600d4,5,15.967,1.0
C_e4baa8d6ca2adc97,5,33.43,13.2
C_0050d8cd978fc51e,5,17.57,6.4
C_cc09bdd7bf57def3,5,14.8,4.6
C_c42c94914e906d68,5,7.34,1.0
C_2ae84b9577af8251,5,13.490000000000002,3.8
C_2cd5bfc78a0195f4,5,17.03,1.0
C_c5212e203a5276a0,5,29.020000000000003,13.0
C_5f5a2e04d875c610,5,21.73,4.6
C_6161b76d1d44bec1,5,30.95,9.4
C_5b0eb581b2c88ece,5,7.7299999999999995,1.0
C_84d0072d7624ea01,5,11.519,1.0
C_6bdf1143a16c524e,5,11.529,1.0
C_c2abd27182d967e1,5,19.6,1.0
C_c31af60f01594b23,5,23.47,4.6
C_c31deab4e788867e,5,29.14,11.4
C_c3c415885f4c61ee,5,14.08,1.0
C_591e0de3a7b075c0,5,10.29,1.0
C_59a2782994e11c70,5,9.17,1.8
C_7a434742363e18a5,5,13.780000000000001,5.2
C_7aadfdc07ff7c9fb,5,14.299999999999999,1.0
C_764cbf33b67dceb7,5,9.18,1.0
C_4a50c8a4942a3032,5,13.959999999999999,1.0
C_4b1fa3c07e597dc5,5,13.129999999999999,2.8
C_87574861088efa38,5,26.240000000000002,11.2
C_c198419ccaa4142b,5,26.07,9.6
C_2d14f9488d46f79f,5,17.839,6.8
C_2de8116a86cd7557,5,18.740000000000002,1.0
C_1f91f106f7ff7064,5,16.13,6.8
C_1f9f7320f197e042,5,29.53,12.6
C_2f623121da14f2ff,5,21.3,10.0
C_be4f1c9ea0dedeb2,5,16.128,7.6
C_bf84791a4727f1ca,5,32.82,12.8
C_8d527e7d9eeb60ed,5,20.060000000000002,6.8
C_8e1d36e804823034,5,20.61,9.4
C_e31a975f9c2eb2a9,5,42.724000000000004,25.4
C_10dce2024477538a,5,19.419,5.4
C_9edc9b89f3aa8382,5,12.89,1.0
C_9c82af6842a3d455,5,34.230000000000004,12.8
C_8c0644577b196ccc,5,16.82,2.8
C_1ed95efd8f39ad75,5,26.28,11.6
C_babcfd5bd142c2dc,5,17.46,6.4
C_6ebe146bd6169f6d,5,12.72,2.8
C_70c95d6f2790d9dd,5,9.619,1.0
C_31386d05bb513053,5,7.64,1.0
C_330045a929efdd43,5,7.8999999999999995,1.0
C_3359b93923c4d0a7,5,19.89,4.6
C_55cc1883b152e065,5,30.98,12.8
C_0f18595794593eb2,5,6.93,1.0
C_106f67d2eae21f9e,5,9.949,1.0
C_469074164fcf3100,5,12.93,4.4
C_eb5f62a546908da5,5,9.35,1.0
C_57bd2f7f80ae56f2,5,12.2,1.0
C_8cf7473944d04eae,5,27.27,1.0
C_343a178d3656802b,5,9.27,1.0
C_b8297f955724af51,5,27.740000000000002,11.0
C_b5826ee09357d99e,5,14.299999999999999,1.0
C_b33448ec41566290,5,6.8,1.0
C_b385c3271f315c73,5,14.21,1.0
C_747074b87c1a2f51,5,38.56,12.4
C_7581b7620811aa66,5,26.8,13.0
C_66fc90bd6e3c5582,5,22.15,10.2
C_07a8803beb281826,5,17.37,1.0
C_07e9135e18ea52ee,5,17.406,4.8
C_19cc9b1d21fd8ea3,5,25.25,9.4
C_a17b844cf804ae04,5,34.82,13.4
C_759b60086160e0ed,5,27.23,9.8
C_6385083ba7e7817d,5,10.378,1.0
C_6491304077102667,5,20.15,9.4
C_4d59fedb44e74040,5,22.880000000000003,8.4
C_d99fc177b92e2a2c,5,25.11,9.4
C_b14d183136ba1542,5,13.719999999999999,1.0
C_b1e882a62e49a593,5,15.44,5.8
C_b2bf3d0974a1095a,5,20.47,4.4
C_38d8aa7edc41e306,5,31.04,12.6
C_39a5815e789e6b55,5,31.44,13.6
C_daf2fae24f11009d,5,32.07,8.2
C_dc3631855159a582,5,8.75,1.0
C_ae2ad95047a0a82c,5,10.93,1.0
C_17f35677fef1a001,5,14.85,2.8
C_18190958e37d6fea,5,12.34,1.0
C_52945458d01c2ed4,5,29.439999999999998,11.0
C_533037f9db40c3ff,5,16.9,3.8
C_7ec84244f1b98a2e,5,13.71,1.0
C_800ba373d0d03073,5,8.32,1.0
C_f0d34df3b3e7f972,5,27.7,12.6
C_e137bc787b9c8f49,5,28.27,10.2
C_a3d3ee5fa4a759fa,5,9.61,1.0
C_431adf2d53de30dc,5,30.04,11.0
C_18415f5cb32e0ada,5,9.978,1.0
C_dd23bc48d39a6133,5,30.56,13.4
C_dd9b6c2cf174e635,5,14.5,5.6
C_ab300af59ecaa89f,5,18.52,4.6
C_3f7acf056ac306e4,5,21.0,2.8
C_3ddc644f125dc15d,5,27.189999999999998,13.4
C_f3ea91b4255a544e,5,17.78,5.8
C_03fd0e01f3fcc295,5,25.22,8.8
C_a8531d040e64cfcb,5,25.06,11.0
C_94687a8539d81f01,5,7.85,1.0
C_8453455aa97f3615,5,18.639,7.4
C_0923bded218c4742,5,6.37,1.0
C_820100429868acc1,5,12.548,1.0
C_5b5beb9003b59260,5,25.6,11.0
C_518a21d25120c95c,5,24.2,7.0
C_de29f0a5ecfcc46c,5,26.78,4.6
C_deaba26baa95f9ff,5,34.94,13.8
C_df0c8148b9f8b9f0,5,27.87,12.4
C_41ee6823dd979ffa,5,23.330000000000002,12.4
C_42914ac61f8f4470,5,23.689999999999998,12.2
C_a70d4fb2948fc85d,5,33.89,12.2
C_a5dcde28497257f3,5,13.41,1.0
C_cd133f14c6417bbf,5,21.59,9.4
C_f1d84b0e90ede73e,5,10.59,1.0
C_ee2d04ed22746a35,5,28.43,10.0
C_2485ecbbe7dd3cd8,5,12.0,4.6
C_24f8ee1d83820bce,5,23.57,10.0
C_caad7b056afee5e5,5,15.44,4.6
C_2720035be98a1fe7,5,15.92,4.0
C_6d9b4722f1b67c8f,5,9.25,1.0
C_6aa9ebdadc54c12a,5,30.55,12.2
C_caadf7f15b89759b,5,17.580000000000002,1.0
C_6b6a051ea8fb53e6,5,16.19,1.0
C_6bc150a10bcfbbed,5,22.490000000000002,10.6
C_c835987770929c58,4,22.77,8.75
C_ff85c8b0d7c6ff59,4,24.43,13.5
C_cd5562d8e13fb81e,4,14.67,6.0
C_7726b0acb73abfbf,4,14.21,7.0
C_9ecd8ba3daadaabf,4,9.32,1.0
C_e338d8a12db5111c,4,17.29,5.5
C_9b4939b4139e082c,4,9.938,2.25
C_c737d6f016b3b8b7,4,7.71,1.0
C_2b3705e9add24d9b,4,19.439999999999998,11.75
C_c649815d4a46a01e,4,21.15,13.0
C_1527c91fc597be27,4,28.36,13.75
C_1557f3c3e89f8caa,4,18.75,11.0
C_df07da96f6d27e6f,4,21.36,10.25
C_e011b0916fdb0ed2,4,18.89,8.75
C_a78c14103782a594,4,14.809999999999999,1.0
C_a5d4b68f49e1bc32,4,27.8,13.5
C_92f8d428a05b0e20,4,6.0,1.0
C_f2125d856d8655cf,4,29.509999999999998,13.25
C_5ee2ae7fe81109ba,4,4.0,1.0
C_5f59463924e49a1f,4,7.7,1.0
C_5a4601f8eed5204e,4,20.85,5.5
C_5a54004da1212e6d,4,23.880000000000003,7.0
C_84a694360db35d59,4,27.270000000000003,13.0
C_cf6105da8279acce,4,17.91,9.0
C_236e65b0ac53bbf0,4,33.19,13.25
C_237c4ffb1911e3cd,4,7.2,1.0
C_cfeb3f819f18508b,4,24.4,12.5
C_cffff16813741c12,4,13.69,3.5
C_09ee0009cd09a6a4,4,9.759,1.0
C_a5fe3011580799ce,4,25.98,13.25
C_41a96655aa370dfb,4,19.14,2.5
C_50b255c8663ff24d,4,20.64,5.0
C_51f3ae864d54b635,4,24.12,13.25
C_927149bb7973adda,4,9.83,1.0
C_a8e04f27495a945f,4,7.58,1.0
C_a9661bb69632ad6f,4,15.86,1.0
C_13ea57bb3365a63e,4,22.01,1.0
C_f48fc4c6886527f8,4,8.819,1.0
C_6586ab03da51c08b,4,18.13,10.75
C_4fc362e22f54f811,4,21.45,9.75
C_4fe0fc099fb25449,4,27.95,12.25
C_939be59fbd6050a4,4,21.02,9.25
C_eeccde74b5e67dc0,4,15.86,3.25
C_09a69499dab1d2c2,4,24.7,13.0
C_664935d39da134c3,4,11.72,3.25
C_f9790e97f5140243,4,12.398,2.0
C_f99320d352ca432d,4,18.089,7.75
C_c304783b46866495,4,14.239999999999998,4.5
C_9d43577429a845e7,4,21.310000000000002,11.5
C_9ddcc041d00fbf83,4,21.33,9.75
C_7ac9b138f5d0dd71,4,24.560000000000002,12.75
C_7b3bf2feafb42459,4,7.109999999999999,1.0
C_e0df5466b55c1ba1,4,13.33,2.5
C_a430cc99204c5548,4,8.86,2.5
C_a4aa705e2cc275a0,4,21.998,8.75
C_0de41ee30a9ae633,4,21.200000000000003,9.5
C_e8e60cdc52af3d67,4,21.53,1.0
C_e930174c263d838d,4,11.34,2.5
C_e999179b4afbca11,4,12.5,5.5
C_3e3e6eeb566f8d65,4,16.69,9.5
C_4a3a109ad0c31f47,4,24.67,8.0
C_4a8743f77071c68d,4,7.8,1.0
C_85d7858907367af6,4,14.799999999999999,10.75
C_864cffad2bd40f4e,4,26.95,10.5
C_c0c2038705a07d75,4,10.019,4.0
C_c1baca864c2496bd,4,10.78,1.0
C_bec1f0bc537f3df5,4,6.89,1.0
C_895d196967b56798,4,10.998999999999999,1.0
C_46a6cf7bd706cb2a,4,8.86,1.0
C_46d8151c6adc6e8c,4,8.52,1.0
C_a0b696e4deefe3f1,4,5.199999999999999,1.0
C_a1139242dd6a8e00,4,28.67,14.0
C_afa67a07c8bd3a69,4,12.909,6.5
C_db7070f51ed72c96,4,21.87,9.5
C_dc507e701574d81b,4,17.7,7.25
C_16dc339f4a74b3dc,4,12.57,1.0
C_3a13116fb8254a23,4,13.649999999999999,1.0
C_53d08fa957e785e2,4,8.1,1.0
C_f17d313c7d00d89c,4,22.9,13.0
C_e0a1325a308f1f1c,4,19.75,9.0
C_13033d01bc801657,4,12.73,3.25
C_e2f2588ecfd02175,4,11.68,1.0
C_48064e4e5016e818,4,13.700000000000001,1.0
C_9c72e1b6f6eaa655,4,5.49,1.0
C_8ced86b5a5c767c4,4,10.36,1.0
C_ec0962bdc9ce5244,4,32.98,13.0
C_ed6918f377d7608f,4,6.09,1.0
C_96509f0572ea5d0a,4,20.52,11.25
C_978eb778448a160d,4,18.12,3.5
C_4d2a1766a1f892e9,4,13.690000000000001,7.5
C_e66a19480c4843a8,4,15.94,9.25
C_9b368df6592e1511,4,8.729,1.0
C_b091362f876dbb5e,4,17.86,10.5
C_b0a08f01202128c9,4,26.65,11.75
C_b2b3c04e89fcc133,4,22.650000000000002,12.0
C_ae7745ccfc4c62b6,4,9.078999999999999,1.0
C_af13a58c86f3fbbc,4,11.5,1.0
C_af216194a2f4b5ce,4,16.45,9.25
C_1f7d602a5f32b711,4,7.84,1.0
C_716b307d9cb3feed,4,13.39,8.0
C_6eb2686d40776782,4,18.64,5.75
C_66446089e4a0737b,4,20.340000000000003,6.0
C_bb38fcc4e99ba927,4,26.950000000000003,3.0
C_ea6732951a8cceb0,4,13.469,6.0
C_9980ae94caa9e8c7,4,21.55,9.5
C_06bf8e8703f63260,4,20.64,10.75
C_07c791b8410016fe,4,12.969999999999999,4.75
C_083794da8f236124,4,15.19,3.25
C_36fca78898cdd188,4,14.619,5.25
C_372b4f47e842bba6,4,8.35,1.0
C_a1b06c7106048aa0,4,26.23,13.25
C_77fa9c67edd130d7,4,28.41,13.0
C_63bdf11d9825ee00,4,22.35,11.25
C_99f9aacdfa8b75f5,4,15.559,7.0
C_4b429b74fb91b11a,4,21.74,11.25
C_e4eb7023158bd685,4,17.09,12.0
C_0f620c4c9fc42ee5,4,13.25,5.5
C_0fd8ab9e4e066029,4,17.43,1.0
C_0fd933d3712bfbc1,4,18.880000000000003,10.5
C_f3961c8d780e82e3,4,11.338000000000001,5.75
C_a2f0815ef157c82a,4,23.83,9.5
C_a08595ea93c5a137,4,12.14,2.5
C_45b2b5c491d14910,4,13.01,2.5
C_468efed001d9172d,4,15.01,6.75
C_5732aa6798b4f630,4,20.72,10.25
C_33743f91e9a1eff1,4,21.04,10.5
C_b57af0518c2c6023,4,8.78,1.0
C_b5a1da0f1f7e0a87,4,15.09,3.5
C_b2e05ad4d64cc3f8,4,17.310000000000002,3.5
C_b43373967c635d11,4,23.63,10.5
C_74205dd63d9ff83a,4,11.13,3.25
C_74f633bbd62d7d37,4,17.4,12.0
C_6721bb41e9ea3e47,4,8.86,1.0
C_672cf16083d17bc4,4,27.89,12.25
C_7cc24e1bd6b9bb0f,4,6.99,1.0
C_0610a5b3bb090b52,4,8.3,1.0
C_b9badfa6bf94b011,4,21.45,9.75
C_b9cb09a56cd53262,4,6.17,1.0
C_34c2d6c05ecd5ef7,4,8.22,3.25
C_b8b7a9adc8e167a4,4,5.84,1.0
C_d5cb20abec722fa9,4,9.748999999999999,4.25
C_1c42e7ec507f6ef5,4,10.74,1.0
C_d7468cfcdd8135ca,4,8.09,1.0
C_d7865cdc522d085d,4,15.32,3.25
C_ce64ac24e1648367,4,13.388,5.5
C_2a1f0d8271d632fc,4,18.76,12.0
C_854a1b020a1a0f0e,4,8.519,1.0
C_63079fdeeddedd0a,4,9.2,1.0
C_7bb913e97ba58e18,4,19.66,6.75
C_0aa6bc88e3c57516,4,6.04,1.0
C_c7150488705d5b26,4,11.394,6.5
C_4c74d5ae337f6b1e,4,7.539999999999999,1.0
C_9a19ebaa9913151d,4,16.07,5.5
C_fb2dfbdddddef0de,4,18.509999999999998,6.75
C_0b4554b44233ef29,4,5.23,1.0
C_24266f806d25d829,4,14.07,1.0
C_c97050c6c9a9b073,4,32.41,13.75
C_0032bdc0033baa1d,3,6.07,1.0
C_ffcea3205a8347c9,3,12.31,4.0
C_6936d48252887d4c,3,14.807,1.0
C_68954ce7abd90208,3,11.28,3.6666666666666665
C_6887a4a642a0e392,3,18.66,13.666666666666666
C_686026afe2ea6cba,3,15.88,12.333333333333334
C_6d54db533413bdd5,3,11.91,5.666666666666667
C_ee2f5450c5af045e,3,7.35,4.0
C_fbba558a91bb522e,3,15.84,11.0
C_69fc3fd9ac827eda,3,20.73,11.666666666666666
C_0607b839fdf319b4,3,5.64,1.0
C_f277921ba743b2de,3,15.59,10.333333333333334
C_0b11394d24e7fd84,3,7.0,1.0
C_7ca852d325b16cc8,3,17.98,12.666666666666666
C_5c7ae469f974624a,3,10.34,4.0
C_2a086d417167492e,3,15.07,10.0
C_285b7663eef4fd69,3,17.03,11.0
C_ce2ec0f421558b0c,3,14.0,10.333333333333334
C_69a6d20cff9aeb9b,3,8.76,4.0
C_380ad4e9652a4c04,3,13.568,6.0
C_37d2f3dd03b1c84b,3,5.5600000000000005,1.0
C_d655624c42a8aacb,3,7.949,1.0
C_d4e94675915190a9,3,4.7,1.0
C_32ac407f190c683b,3,17.67,12.0
C_b7ca16739829d158,3,3.03,1.0
C_35ec389841c35625,3,13.97,11.0
C_33d692e65a5d4e3a,3,18.55,9.666666666666666
C_060b772e25b01d59,3,20.07,12.333333333333334
C_675787ea0c5661fb,3,16.689999999999998,10.333333333333334
C_66966cb86051ef78,3,13.62,4.0
C_b46d55613e28edd5,3,15.81,9.333333333333334
C_b3ed7b8160d08761,3,19.57,13.0
C_b3e2da392c15a07f,3,7.6899999999999995,5.333333333333333
C_eb1be4fc69eb5878,3,6.49,1.0
C_eab81ea3aee16af7,3,14.55,10.333333333333334
C_ea91a9a2b6a94c25,3,12.469999999999999,4.0
C_d98b8e39cf1ec560,3,9.56,1.0
C_19e601c8abbc4235,3,8.72,1.0
C_18ebdf3011871b11,3,16.35,6.666666666666667
C_d906fc66d80246ea,3,6.76,1.0
C_d9066bd14d106bd8,3,15.12,11.0
C_67a3b7b9bb13c02c,3,13.18,10.333333333333334
C_679efb569bb36079,3,3.38,1.0
C_55bc4dc5cffa1061,3,12.17,4.0
C_99df4bd2faacb1ce,3,11.7,4.0
C_8f84acd2adf55666,3,6.970000000000001,4.0
C_336397abbc91dcb0,3,6.199,1.0
C_bb430fa1442350ea,3,15.329999999999998,11.666666666666666
C_32121b358768b2b1,3,14.399999999999999,4.0
C_31468f6bff4adbaa,3,16.560000000000002,10.0
C_66299e754fc2d834,3,14.79,7.0
C_724dd9f340078879,3,16.36,10.0
C_1f66d2155e6c00e6,3,13.879999999999999,11.0
C_b1b6bb23dddfa55a,3,9.780000000000001,1.0
C_b0ef1afb4ab6d045,3,8.289,1.0
C_4d7913f9169a5f23,3,13.58,1.0
C_96906fd8bc065d7b,3,15.760000000000002,10.0
C_10c86137fd1bf35a,3,8.97,3.0
C_1d5dde4f8435e994,3,22.41,14.0
C_1d57e85e87eccfcc,3,21.759999999999998,14.0
C_d4619e6930617dcb,3,8.25,4.0
C_d45010afdcead8dd,3,15.58,8.0
C_ecc72bcc737fcbd4,3,18.12,12.666666666666666
C_8a77d2be553ae435,3,26.75,12.333333333333334
C_9d1bb72e913fb71f,3,17.09,4.0
C_9f09f913d3c22ffc,3,12.3,11.0
C_a11f9a6c999e124c,3,16.05,10.0
C_e0d61d32d9ab2ef0,3,11.96,11.0
C_f19feb521d9f8f16,3,17.84,10.0
C_7eec3e1dcae1d0ac,3,12.129999999999999,11.0
C_909fbdb332f62451,3,18.994,12.666666666666666
C_17828909f397a3dc,3,12.73,4.0
C_1749191e63bd768c,3,14.17,12.666666666666666
C_171ec068754874ab,3,20.23,11.0
C_dcb8e2bbc2242177,3,7.22,4.0
C_474ecfa538860ae6,3,17.6,12.0
C_8a5ccda4e6b07e9f,3,21.23,13.333333333333334
C_8a397d056de9aa60,3,14.73,8.333333333333334
C_d40cf491fe701f1b,3,15.41,10.0
C_bd0dfbc774fe5b28,3,16.83,13.0
C_bcd9b83bf35ed0bc,3,13.21,8.666666666666666
C_bca294dadec82935,3,14.99,11.0
C_bc23d7e3dd2a8d55,3,9.649999999999999,1.0
C_213b636c12e6c75b,3,11.65,1.0
C_208ffabdb5590cc5,3,8.76,3.0
C_20087c89e10f2724,3,12.719999999999999,4.666666666666667
C_20075fbc415a4280,3,11.05,11.0
C_c272810b2e3102dd,3,8.629,1.0
C_c22c380b4009b05d,3,12.52,10.333333333333334
C_8682be5713f03f2e,3,16.52,11.0
C_8662787b5a29b0a7,3,13.33,11.0
C_4bfcde9fa7d4018f,3,7.61,5.333333333333333
C_4b837e314ee560a4,3,13.15,12.0
C_4a869abdef8c3862,3,16.27,13.333333333333334
C_4a235a62930480d0,3,9.5,1.0
C_3c7d2d88d4d64b04,3,13.74,11.0
C_3c5406d6ef1e1912,3,9.32,4.0
C_ab6bc6957ffd4106,3,13.66,7.0
C_ddc6a773e526599c,3,15.71,12.333333333333334
C_0e53f40f46d1fea4,3,13.75,6.666666666666667
C_0e06beb5ccc186b9,3,14.468,5.0
C_e18d643bf2ae541b,3,17.742,13.0
C_e0f45871ab346ea6,3,11.64,7.0
C_9e74a24512399b56,3,5.21,1.0
C_85c7dc829f3dfdbc,3,5.17,1.0
C_8872717e64375a47,3,4.529999999999999,1.0
C_c31f0abed63b1ff4,3,7.86,3.0
C_6cb78b291dca3f53,3,17.91,10.333333333333334
C_6c1fa6ba569a67f6,3,6.07,1.0
C_6bf88fac8fb9b3c6,3,12.43,10.0
C_f94002a10a574b1d,3,13.75,15.333333333333334
C_5a4223d6246e0f99,3,8.539000000000001,1.0
C_4e6f41c0e1ba8f10,3,5.8100000000000005,1.0
C_94fbfb67b36d49cb,3,8.620000000000001,4.0
C_aa9e5fdeece570c4,3,12.020000000000001,7.0
C_051be29360071327,3,8.29,1.0
C_04c246cfaaf0bc43,3,17.15,9.333333333333334
C_0485198c8f18a22d,3,7.339,1.0
C_0397d9e190fddfab,3,3.7199999999999998,1.0
C_41106f0e8f6f3a4c,3,20.56,13.333333333333334
C_de0139a93a0869ac,3,10.25,4.0
C_a901f3010ffbc0d3,3,12.16,3.0
C_92958ae6ad276a89,3,17.119999999999997,12.333333333333334
C_5b5f685edd449692,3,7.56,4.0
C_81ac773017cf057c,3,8.979,1.0
C_a60ddc9849697dc9,3,22.59,12.666666666666666
C_0a1b328006d72dce,3,10.5,4.0
C_2e0bf65da330f66c,3,14.27,10.0
C_23985d365bdc5fbd,3,4.58,1.0
C_84c8395c40615bd9,3,7.179,1.0
C_5a4d5e7b1d2b9326,3,12.298,8.333333333333334
C_62b9f66a832ed8bd,3,6.24,1.0
C_7dd86f9cc8be977b,3,10.85,9.333333333333334
C_9325c6db2a492bc6,3,13.41,10.0
C_e845e817a4dd69c7,3,17.580000000000002,4.0
C_a58816b7cd1f635d,3,16.09,10.666666666666666
C_a56539a66ac3a528,3,7.3500000000000005,1.0
C_a79608a6bceceb50,3,11.399999999999999,1.0
C_a720ace092f33c4c,3,15.04,13.333333333333334
C_420b11b389510281,3,23.52,7.666666666666667
C_41cbaae1e4262fee,3,14.6,7.0
C_c4583684029b6045,3,9.14,4.0
C_2ac0a2c722c42e69,3,17.2,11.666666666666666
C_c790055d95065e90,3,13.02,10.0
C_240ff184941d20ae,3,18.65,13.666666666666666
C_cc3a49cba184b281,3,24.32,13.0
C_4a0af6d914341359,3,6.67,4.0
C_e468597505590003,3,6.109999999999999,1.0
C_11d30223e28c8b92,3,12.05,8.333333333333334
C_9a75690f83afdf38,3,12.94,9.333333333333334
C_6bc95f2f3e6d0eb3,3,17.05,10.666666666666666
C_021f134af11ad35c,3,15.02,11.666666666666666
C_0285873d82f920d4,3,6.67,1.0
C_fcb28987a4964bc7,3,16.27,13.0
C_fc4597077c3f0326,3,4.83,1.0
C_015df77b0f8bb516,3,8.459,1.0
C_020d66cf30e472f3,3,26.270000000000003,12.0
C_f5af4d5a4963eec5,2,8.91,10.0
C_740247289ce34d91,2,2.21,1.0
C_72db217f0d9285e9,2,10.11,10.0
C_c845b0c0b6674373,2,3.88,1.0
C_27f0d920769e6071,2,15.219999999999999,10.0
C_26d2b54b61b0378d,2,6.649,1.0
C_25e210c151d70f72,2,9.21,10.0
C_25a5a53c16260653,2,12.73,6.0
C_25598eda6129d7dd,2,11.059999999999999,13.0
C_054c80135c6d0e31,2,10.45,10.0
C_64df48ddab71001d,2,12.43,13.5
C_646d715ba23baaa1,2,11.05,9.5
C_7857ff4711e51128,2,3.2,1.0
C_77732d361badacad,2,2.55,1.0
C_7a0c9e61de784718,2,12.41,14.5
C_f2ef314672b2b4b5,2,8.52,8.5
C_085453920c90b005,2,6.989,9.5
C_07fd6cd68f73ed73,2,9.16,10.5
C_7c99f0ae78fd525e,2,7.46,10.0
C_6318f7e12396a340,2,11.888,1.0
C_631060f681f248d2,2,6.82,9.0
C_62d8583a7651a525,2,4.73,1.0
C_7e0d273083ce34af,2,15.95,12.0
C_d1202969a27aacf0,2,11.205,9.0
C_21e1682ae9d66178,2,9.57,10.0
C_21c82fbaaa16bb82,2,10.489999999999998,13.5
C_c488e21fab34e090,2,10.57,10.0
C_2d0063eac41e4222,2,8.31,6.0
C_2bf94f587db09dd2,2,9.469999999999999,10.0
C_2a27e5f2d1b74fde,2,8.57,9.0
C_c7d2336664be8dcb,2,11.129999999999999,12.0
C_29f3c53f7015392d,2,15.43,15.0
C_28384f3240cf7d2f,2,8.870000000000001,9.5
C_be3c58a507487336,2,6.899,1.0
C_2fb93ffdbf1cc12e,2,13.95,9.5
C_2f1a7239440bbcb9,2,5.41,1.0
C_d34a05acd6d20895,2,11.86,12.5
C_d26667fd3576f66d,2,12.036999999999999,12.5
C_20a61c1ba34a6df3,2,4.179,1.0
C_c2ab8ba497d8a884,2,12.899999999999999,12.5
C_c262db519db0de42,2,7.869999999999999,5.5
C_5f82db8fac53ff67,2,10.059999999999999,10.0
C_5f11efa97c9b6089,2,13.26,9.5
C_7d3d64f86eb57233,2,9.34,13.5
C_f0eefda63844c346,2,15.745,13.5
C_f037b9693c3a2f16,2,4.470000000000001,1.0
C_5e03fb2d280757a5,2,12.3,10.0
C_5d6abf22120b46c8,2,3.66,1.0
C_5b654911cc44afda,2,3.782,3.5
C_bb634d4b5a1063cb,2,4.389,1.0
C_32a8133f0fb9db02,2,8.36,1.0
C_30d2a4450b6435dd,2,12.06,10.0
C_30137e778b330d03,2,8.098,1.0
C_1ec4a0faf26c318c,2,9.85,11.5
C_1eae046cbd39aa36,2,6.3,5.5
C_1e076b4dccde98c1,2,9.620000000000001,10.0
C_2f0ffbd38f4a7d8e,2,10.91,10.0
C_82fdaa4cfcbbc106,2,13.09,12.5
C_815c93345abba034,2,9.04,10.0
C_8149def97b5508b8,2,10.280000000000001,10.0
C_efa54b7970c1929e,2,11.379999999999999,10.0
C_ef789e153c45a880,2,8.27,10.0
C_843330f25a182f5c,2,2.76,1.0
C_83d0cb59495b46e2,2,9.29,12.5
C_5ae8791e78176fb0,2,5.15,1.0
C_ee2bea8719f50402,2,13.18,9.0
C_0a63a11ceea140cf,2,17.4,13.5
C_0a48e2a8975bbf19,2,8.48,5.5
C_ed979e319f0251d6,2,2.89,1.0
C_86fe9de9c008faec,2,2.9,1.0
C_58f92fa52b337f95,2,3.37,1.0
C_3778296410306798,2,2.4299999999999997,1.0
C_d7f3da8e6a5117b8,2,7.8,10.0
C_1c5bdc6550d8fe48,2,9.13,10.0
C_32f446191c16a3a0,2,14.8,9.0
C_34ae1db41bb35632,2,3.5300000000000002,1.0
C_b98cce21c9aee57d,2,10.11,15.0
C_ec931c9d5c9cd2c1,2,7.17,10.0
C_ec1806c226685064,2,12.49,9.0
C_0d3a0a27e975ab07,2,15.239999999999998,12.0
C_0cb298137f943e21,2,13.559999999999999,12.5
C_0c6459e4e7d4249c,2,8.48,1.0
C_0c32014586051a8a,2,8.57,10.0
C_0bf5191e7e38cb29,2,5.75,1.0
C_8bddd3a1f5ef3b8f,2,9.901,13.0
C_8e54387ee69e05fe,2,10.83,11.0
C_b03634a253062db2,2,8.15,10.0
C_371840459d7ee71d,2,4.809,1.0
C_b3103202854f4cb5,2,12.780000000000001,9.5
C_b6076c98ad4a48c1,2,11.821,15.0
C_b555dca4f4c6a680,2,4.37,1.0
C_b520f32ff80abc8c,2,11.3,10.0
C_8dc0cce222090c24,2,3.05,1.0
C_5828f21b8220f680,2,3.5300000000000002,1.0
C_ebb3013e9ea2cbb6,2,2.4909999999999997,2.0
C_eb1eccf6d16248b6,2,8.4,1.0
C_eab6b7b0f92d5422,2,5.49,1.0
C_8fe18bedd17139bd,2,3.83,1.0
C_dc75c9330a5461dc,2,6.1,1.0
C_db3e097b35a5a4fa,2,3.88,1.0
C_da9f7a5406b9bc51,2,14.219999999999999,12.0
C_da77d53699050f29,2,7.5,8.5
C_b01a31e0a100cb5a,2,10.32,9.0
C_af8bed50a534f7cd,2,11.2,10.5
C_0ed44964e93311fa,2,10.92,14.0
C_0db2d6934ec5bab8,2,2.77,1.0
C_54394d85676f85f0,2,8.7,12.0
C_92c6ec202e24efb7,2,2.68,1.0
C_51f3881e4a863c76,2,3.5300000000000002,1.0
C_50b1c5b795be1098,2,9.0,5.5
C_9209ea7707f99b49,2,14.329999999999998,11.0
C_4f34b72ad9d6c884,2,3.66,1.0
C_e8d2d604099e25a4,2,4.47,1.0
C_e7bc3a3f30ac0d83,2,9.532,11.0
C_e772de5bcb55a8bf,2,3.62,1.0
C_e6a787ec591cb498,2,12.94,9.5
C_e604d654dacce0a7,2,4.35,4.0
C_e5fa3a55f573eae7,2,5.42,1.0
C_97f27ee80b2f80ec,2,4.220000000000001,1.0
C_97ed8845de95f339,2,6.95,1.0
C_3cc60904ba383bfd,2,4.4399999999999995,1.0
C_3eea70750aedf61d,2,11.510000000000002,12.5
C_3e7424e0c43e815c,2,6.41,1.0
C_dddfd9703ed65fd2,2,9.0,9.0
C_3ad2a13ac7482939,2,59.891,55.5
C_3a21ddb62000c52b,2,10.1,12.0
C_ad65f6e92e023910,2,2.4699999999999998,1.0
C_95ed4fa74af29f4e,2,12.49,14.5
C_952db4f6da357b50,2,8.66,10.0
C_e55768673056f670,2,4.47,1.0
C_108a9130dc2c13bb,2,6.5600000000000005,1.0
C_4dc176faa50142dc,2,8.04,5.5
C_9a7851401481025c,2,11.73,10.5
C_4bf186c0f868fe64,2,9.76,9.5
C_41c5b7ec1771df1e,2,2.8499999999999996,1.0
C_de537c9f4c455b2b,2,10.79,11.5
C_14b6d42cd5b2ee28,2,3.28,1.0
C_aa3206bdccee4d93,2,3.74,1.0
C_a9925bde0442708a,2,2.98,1.0
C_a8d970d4deb722b7,2,6.26,1.0
C_a7b6f1d1733c7662,2,9.120000000000001,10.0
C_aa492cf2a961997f,2,8.38,1.0
C_40d9dde5b228a5f1,2,4.809,1.0
C_3dd34c4889de5233,2,5.579,1.0
C_4afdd23a2a47b8db,2,14.690000000000001,11.0
C_e4ad2da87541b898,2,7.67,10.0
C_e3816c278c48ac89,2,10.61,13.0
C_118ba8f4e5bbf974,2,12.98,14.0
C_9e35310fa95dbdc0,2,3.24,1.0
C_9ddb515afdd45594,2,8.74,8.5
C_9d99a02601651b84,2,11.129999999999999,11.5
C_49152c9365a28a59,2,11.02,10.0
C_44340ab09bcca246,2,3.92,1.0
C_43c48afea1c8c0cd,2,12.84,11.0
C_a3e239898d49f050,2,13.376000000000001,10.0
C_e0526978261ac90a,2,5.5889999999999995,1.0
C_a665bb79b7057e84,2,10.870000000000001,10.0
C_a60ed6a83d4fcd8d,2,3.32,3.0
C_a75bf08fb7cb9ab3,2,2.81,1.0
C_a72a9dc2432ed031,2,2.42,1.0
C_9f46fadaf506ee57,2,10.96,10.0
C_e321aac1f117aff0,2,5.199999999999999,1.0
C_a0b0f6700d5fc6fe,2,13.7,12.5
C_a3b8f79bd1a231a9,2,10.23,13.5
C_a33716e367d6d5e6,2,18.29,15.0
C_0208715e71b3fb83,2,3.2800000000000002,1.0
C_fa97be44a30deb03,2,10.64,10.5
C_029ed3dacd57205f,2,7.25,1.0
C_021b60138686e45e,2,2.98,1.0
C_68c9287fdd0f0ba5,2,7.25,10.0
C_681d5bdc8856a101,2,9.26,5.5
C_6ea1f6dbb54d0e91,2,10.91,10.0
C_cc6bb5259a56599a,2,4.65,5.5
C_cc3a93f8068de04f,2,9.64,5.5
C_ffd6ccdc86d448cb,2,10.68,9.5
C_fb6a23310eba10db,2,2.9,1.0
C_6aa352a47c1da1d0,2,3.58,1.0
C_69c03387d31f98d7,2,8.21,13.5
C_fe4252193f4fa223,2,8.530000000000001,10.0
C_fc5f4a1b5f731e12,2,10.06,13.5
C_fbd9e2eb8d5e8d9a,1,4.98,12.0
C_fcbb63b6b22933f9,1,6.2,12.0
C_6a9ec1fce9b82c38,1,5.2,8.0
C_fb9576599d359061,1,9.15,14.0
C_fb95aba3157ece92,1,4.05,10.0
C_23c899a8341a390c,1,6.01,12.0
C_ca215ee5d660f7aa,1,2.19,1.0
C_ca6ab91901ca2fb6,1,4.11,1.0
C_6d8825fa8f6c63af,1,4.67,8.0
C_6aa7996a55f7d972,1,5.14,10.0
C_6869f1021c911409,1,2.07,1.0
C_020dc9803ae65481,1,2.79,1.0
C_02a4993d7cbd8716,1,1.77,1.0
C_02c2e03350b57a9a,1,5.65,10.0
C_fa3c4e3b265d458a,1,7.1,15.0
C_fa9c3ce8ef5abc91,1,1.21,1.0
C_faa3c39096a13a30,1,4.6,12.0
C_a4ec4b2bee2ad55e,1,4.75,12.0
C_a26a36f58511132d,1,2.02,1.0
C_a2bb838bfada456e,1,4.11,1.0
C_a38d1a4f08d13be6,1,5.01,10.0
C_a3c5514c789e6598,1,5.18,10.0
C_a07a44e1d672190f,1,5.01,12.0
C_12ddb10643623210,1,1.43,1.0
C_13341e424c248d69,1,5.22,1.0
C_1377a95e4d9287d2,1,1.43,1.0
C_487eac2b2d877000,1,6.89,13.0
C_48ac5fdb8bf70c9a,1,3.73,1.0
C_a50b2609c870dade,1,2.92,7.0
C_a5f4fb446f35e811,1,3.69,7.0
C_a6a40ef2326fd623,1,7.51,12.0
C_e04c242e2f642f95,1,3.69,10.0
C_12a06687fbcfd629,1,2.24,1.0
C_12b6c8d13666b82b,1,1.3,1.0
C_4459a46973870f08,1,3.96,10.0
C_a422189a1580225c,1,2.19,1.0
C_48d9580d499c907a,1,1.9,1.0
C_48ed5425c2b84736,1,4.33,13.0
C_9f9f0be45cc6ff84,1,1.77,1.0
C_a01f998ef542ed14,1,4.05,1.0
C_49d98d2db6c3365c,1,0.96,1.0
C_49e53d4042046776,1,6.2,10.0
C_4ad89526978085dd,1,4.97,10.0
C_9c2d9e3dfa5c5945,1,4.41,10.0
C_409eb92e0adaf7a4,1,7.78,12.0
C_aac9188b66540dd1,1,9.58,12.0
C_a7d962e0290e770f,1,2.62,1.0
C_a8c1bf6caa373ac5,1,3.82,10.0
C_1561c6635a992f41,1,4.07,12.0
C_42dd62803c81da7a,1,4.05,1.0
C_4d86f60137fc8fe9,1,3.47,1.0
C_4d8b09dbe8ce77fc,1,3.22,10.0
C_4db7b685eb97e083,1,4.33,1.0
C_4e63714f9efd47c4,1,5.12,15.0
C_982648940a80567e,1,3.18,10.0
C_9a0d514c56980400,1,6.06,12.0
C_105d81372c7eb27c,1,6.08,12.0
C_966d9f6c39cf1cf5,1,5.86,10.0
C_973b067f4f36e881,1,3.56,10.0
C_add09da3dfbf3049,1,5.57,10.0
C_3b5de3ef1a3289a6,1,2.15,1.0
C_ae274295da0e7340,1,6.5,12.0
C_ae39cd0325cbc772,1,5.65,10.0
C_1786f798dfd2a528,1,1.94,1.0
C_dce6c01645b01664,1,3.349,5.0
C_dd2780f76ebc2ee2,1,1.6,1.0
C_ddf7cfc5f537eb7d,1,2.49,7.0
C_3f7c53a576fdcfc6,1,7.56,13.0
C_e739f557e8aca0b8,1,0.96,1.0
C_e79d80702c2b12eb,1,1.38,1.0
C_e7d3d20955cb7775,1,3.64,1.0
C_9303ed6615d27d3f,1,1.6,1.0
C_938f1c69c42562d5,1,1.64,1.0
C_4f08994b1c72354b,1,2.02,1.0
C_50495b95d704dbdd,1,5.8,10.0
C_94e3d715745f1df3,1,6.65,15.0
C_925b40ab81bd040a,1,4.71,10.0
C_5206f5eda14165e2,1,3.45,10.0
C_5249b49da156c106,1,3.0,1.0
C_535ca94ca04143f0,1,8.72,13.0
C_0df4919f9a0065c8,1,4.41,10.0
C_0e183134e7c77942,1,4.33,10.0
C_54aa207f751b820e,1,1.72,1.0
C_561d46230daa8509,1,3.3,12.0
C_b154a17cd171c902,1,25.058,23.0
C_b276d2649d4d43e2,1,1.85,1.0
C_af71bfe40d1a2bac,1,1.85,1.0
C_38b810cd7d02b6cf,1,3.47,10.0
C_393d109931ab82b9,1,2.32,1.0
C_39cacd9998bbf1d2,1,7.74,15.0
C_db597ba58c8ef440,1,2.959,1.0
C_dc7a2732f3be0baf,1,2.22,1.0
C_170c6a8c341f8074,1,1.77,1.0
C_ad46524a7c10c219,1,6.5,10.0
C_8f64c7accbb02b20,1,2.62,1.0
C_ea605219e944c186,1,7.1,13.0
C_eab1de763b95a439,1,2.11,1.0
C_eae652db8990045c,1,4.2,10.0
C_eb03b58e31af804a,1,1.85,1.0
C_eb5cc13a50d7017b,1,5.31,10.0
C_ebbbe4280512e318,1,4.16,10.0
C_56aa9ee245310a45,1,7.23,12.0
C_5710daa04dc6f796,1,8.91,14.0
C_57e63eee265be34a,1,7.83,9.0
C_385f59fa85e3626f,1,3.13,1.0
C_b3f7512b34bb69df,1,4.58,11.0
C_d84e0f529d4d0cc5,1,5.54,12.0
C_d8998c69ed872c87,1,5.63,12.0
C_190119cb34d8a20b,1,2.79,1.0
C_da1c98e664de98c4,1,5.46,12.0
C_b06a329163d7e1f1,1,1.6,1.0
C_b0beb9e38b768702,1,1.47,1.0
C_b14566e4c8d817e5,1,1.81,1.0
C_b14794eed6f5eff3,1,5.95,12.0
C_89777058dd25d6ab,1,2.17,1.0
C_8aba36a3b0cdb2f6,1,4.54,10.0
C_8c989740576b8450,1,4.31,10.0
C_5685e84fb2f45487,1,4.03,10.0
C_0d32582926efa006,1,5.14,13.0
C_eca4dd34425a2f30,1,7.06,10.0
C_58b13ed3b10143a6,1,4.58,10.0
C_3327147c4b27d57c,1,5.46,12.0
C_b987932a9c57fb4a,1,3.73,8.0
C_b6f29ea89662b7aa,1,9.23,15.0
C_352a14c111b211d7,1,5.05,12.0
C_3677e5269e234003,1,9.51,14.0
C_b8d29b9732268bc4,1,2.62,1.0
C_d61a634cd60147f6,1,1.6,1.0
C_1b1a0f6779b684a6,1,7.87,10.0
C_37c0745aadd2ed9c,1,1.9,1.0
C_385ed1c85baef2ef,1,3.86,10.0
C_590237cd9f30c84d,1,5.95,12.0
C_5917b0debfa49c28,1,6.61,10.0
C_893bebc75decfef0,1,8.83,10.0
C_8636f24e023e1171,1,3.129,1.0
C_86d04bbcf47b3e5c,1,2.81,1.0
C_88006d20c0fde5c6,1,2.07,1.0
C_8853c137e8dab4ea,1,8.3,12.0
C_ed83f7f9b8e03f92,1,4.33,10.0
C_0a5a4213d767c7fd,1,4.75,12.0
C_84c99c8793ba3598,1,8.817,14.0
C_8413bbf09cdf4880,1,6.518,14.0
C_846ca12716ee0167,1,3.11,1.0
C_eea5ea2b2751dd66,1,4.67,10.0
C_ef0c377796592b56,1,1.38,1.0
C_0a0f394edd12a595,1,1.77,1.0
C_efc1a9af0dd28ca6,1,2.36,1.0
C_812e0d5926c1fdd6,1,2.24,1.0
C_821e06c624e6085b,1,4.03,12.0
C_be7ae8758ce9dfe6,1,1.51,1.0
C_bc2f673b3d873fcd,1,3.86,10.0
C_bc7327fbaf362bba,1,5.65,10.0
C_bd50ec25a962c3e9,1,5.59,10.0
C_be1314b80d898368,1,7.02,12.0
C_be2028d8691e4fcb,1,4.97,8.0
C_1dfbf58beefb6aee,1,5.01,13.0
C_1f68076f8a36f4b8,1,5.65,12.0
C_7f2938a2a8744a9d,1,4.11,10.0
C_5e75d4b2f7b6779d,1,8.98,15.0
C_7fe9de8ee8c69970,1,5.52,1.0
C_f100ccab0f699374,1,5.78,15.0
C_f1a70401d8201ce5,1,3.13,1.0
C_f2301c98dcc52b5f,1,5.333,10.0
C_7d32a2a5fd75492c,1,9.21,15.0
C_60e72ae8df846a87,1,1.3,1.0
C_2e75b5e3b8031794,1,3.05,1.0
C_c05a935c570afdb6,1,4.33,10.0
C_c0fd7aea85aaaabe,1,9.81,12.0
C_d35928406121550f,1,3.56,10.0
C_d3b3bb09bac90bd1,1,3.219,1.0
C_2f2c2c24a513f572,1,1.77,1.0
C_2fabe93970a8dcb2,1,5.35,10.0
C_3008a9fce5a8bc9a,1,2.36,1.0
C_c70db8f855f952a6,1,3.22,12.0
C_c4b5bb2daab72e19,1,1.81,1.0
C_cf329e26880e1b66,1,7.04,10.0
C_233d406530ef2810,1,4.92,7.0
C_2e12c14143cccbe5,1,2.02,1.0
C_2e3c123c28f78272,1,3.9,1.0
C_7e2cbaf779120692,1,7.14,12.0
C_634a68cd3bda6915,1,2.07,1.0
C_7ce532010b7b6bd1,1,2.54,1.0
C_065ec9d2530e331c,1,9.4,12.0
C_f3478fb88a11bc81,1,5.39,15.0
C_f35e12b53a14d53f,1,6.2,12.0
C_78bacba3f4b3b582,1,2.54,1.0
C_79c4834035ebd078,1,7.04,10.0
C_7b4952bef7f6d879,1,1.68,1.0
C_777d99b78c74d810,1,4.37,10.0
C_7856bd6467057d68,1,4.11,10.0
C_75bc48d1b6486aed,1,4.41,10.0
C_75c619c0419c25d0,1,5.44,10.0
C_75df5c0f4e5c9790,1,6.72,10.0
C_7640778d5fde1ad2,1,3.99,10.0
C_042c0e271ab70c15,1,9.4,15.0
C_054f47fdfb02e600,1,6.2,10.0
C_7286dd6492a0ec6c,1,5.18,10.0
C_2584b68ef221d4ab,1,1.9,1.0
C_2631cf6b36775d87,1,6.029,1.0
C_266f8c25f006683b,1,7.27,1.0
C_274a335ac4354784,1,5.22,10.0
C_27931aeb99fa7ae0,1,5.56,10.0
C_cce807c21142bd0b,1,4.41,10.0
C_cd1f4c82b4452966,1,8.925,13.0
C_cd6e74681c7fb20c,1,4.28,1.0
C_cee1ee6a4748a67b,1,7.25,14.0
C_c6d1691ff24cd6bf,1,6.33,10.0
C_65eb916f605270bd,1,2.9,1.0
C_71cfcfa6cf640780,1,4.48,10.0
C_723c96b98cc02d21,1,4.279,1.0
C_6eedf7698f1f7e0e,1,4.92,12.0
C_7059af302af92dbe,1,5.39,10.0
C_705b4f1defb144b9,1,4.92,10.0
C_7083651af1dfefda,1,4.88,10.0
C_f69777f8ce883bb8,1,2.49,1.0
C_f9559f9a5e0f94d0,1,1.04,1.0
C_f9b1c6a450cb1119,1,7.53,15.0
C_f9d803cb920f680e,1,4.33,12.0
C_6be3650d0c83cd60,1,1.72,1.0
C_6c4f1a180865b154,1,6.5,10.0
C_013e251fddb8a71b,1,2.81,1.0
